solid OpenSCAD_Model
  facet normal 0 0 -1
    outer loop
      vertex 0.583328 8.71 0
      vertex 0 8.71 0
      vertex 0.583328 11.55 0
    endloop
  endfacet
  facet normal 0 0 -1
    outer loop
      vertex 3.40001 11.55 0
      vertex 0.583328 11.55 0
      vertex 3.40001 12 0
    endloop
  endfacet
  facet normal 0 0 -1
    outer loop
      vertex 3.40001 12 0
      vertex 3.5 18.0207 0
      vertex 3.5 12 0
    endloop
  endfacet
  facet normal 0 0 -1
    outer loop
      vertex 0 16 0
      vertex 3.40001 12 0
      vertex 0.583328 11.55 0
    endloop
  endfacet
  facet normal 0 0 -1
    outer loop
      vertex 0 16 0
      vertex 0.583328 11.55 0
      vertex 0 8.71 0
    endloop
  endfacet
  facet normal 0 0 -1
    outer loop
      vertex 3.40001 12 0
      vertex 0 16 0
      vertex 3.5 18.0207 0
    endloop
  endfacet
  facet normal 0 0 -1
    outer loop
      vertex -1.7641 20.9445 0
      vertex 3.5 18.0207 0
      vertex 0 16 0
    endloop
  endfacet
  facet normal 0 0 -1
    outer loop
      vertex 3.5 18.0207 0
      vertex -1.7641 20.9445 0
      vertex -1.7141 21.0311 0
    endloop
  endfacet
  facet normal 0 0 -1
    outer loop
      vertex -3.56215 18.7302 0
      vertex -1.7641 20.9445 0
      vertex 0 16 0
    endloop
  endfacet
  facet normal -0 0 -1
    outer loop
      vertex -1.7641 20.9445 0
      vertex -3.56215 18.7302 0
      vertex -2.15381 21.1695 0
    endloop
  endfacet
  facet normal 0 0 -1
    outer loop
      vertex -6.31333 19.645 0
      vertex -3.56215 18.7302 0
      vertex 0 16 0
    endloop
  endfacet
  facet normal 0 0 -1
    outer loop
      vertex -3.56215 18.7302 0
      vertex -6.31333 19.645 0
      vertex -6.02166 20.1502 0
    endloop
  endfacet
  facet normal 0 0 -1
    outer loop
      vertex -7.54308 20.355 0
      vertex -9.71093 22.2802 0
      vertex -7.25141 20.8602 0
    endloop
  endfacet
  facet normal -0 0 -1
    outer loop
      vertex -9.07532 25.2811 0
      vertex -13.8564 24 0
      vertex -11.1262 27.5621 0
    endloop
  endfacet
  facet normal 0 0 -1
    outer loop
      vertex -13.8564 24 0
      vertex -9.71093 22.2802 0
      vertex -7.54308 20.355 0
    endloop
  endfacet
  facet normal -0 0 -1
    outer loop
      vertex -8.82532 25.7141 0
      vertex -9.07532 25.2811 0
      vertex -8.91191 25.7641 0
    endloop
  endfacet
  facet normal 0 0 -1
    outer loop
      vertex -8.91191 25.7641 0
      vertex -11.1262 27.5621 0
      vertex -8.68691 26.1538 0
    endloop
  endfacet
  facet normal 0 0 -1
    outer loop
      vertex -9.07532 25.2811 0
      vertex -11.1262 27.5621 0
      vertex -8.91191 25.7641 0
    endloop
  endfacet
  facet normal 0 0 -1
    outer loop
      vertex -13.8564 24 0
      vertex -9.07532 25.2811 0
      vertex -9.71093 22.2802 0
    endloop
  endfacet
  facet normal -0 0 -1
    outer loop
      vertex -8.6923 24.9445 0
      vertex -9.71093 22.2802 0
      vertex -9.07532 25.2811 0
    endloop
  endfacet
  facet normal 0 0 -1
    outer loop
      vertex -9.71093 22.2802 0
      vertex -8.6923 24.9445 0
      vertex -8.30259 24.7195 0
    endloop
  endfacet
  facet normal -0 0 -1
    outer loop
      vertex -8.6423 25.0311 0
      vertex -8.6923 24.9445 0
      vertex -9.07532 25.2811 0
    endloop
  endfacet
  facet normal 0 0 -1
    outer loop
      vertex -1.85641 34.3564 0
      vertex -3.83568 34.3564 0
      vertex -1.85641 34.4564 0
    endloop
  endfacet
  facet normal 0 0 -1
    outer loop
      vertex -1.40641 34.4564 0
      vertex -1.85641 34.4564 0
      vertex -1.40641 37.2731 0
    endloop
  endfacet
  facet normal 0 0 -1
    outer loop
      vertex -1.40641 37.2731 0
      vertex 1.4336 37.8564 0
      vertex 1.4336 37.2731 0
    endloop
  endfacet
  facet normal 0 0 -1
    outer loop
      vertex -3.83568 34.3564 0
      vertex -1.40641 37.2731 0
      vertex -1.85641 34.4564 0
    endloop
  endfacet
  facet normal 0 0 -1
    outer loop
      vertex -1.40641 37.2731 0
      vertex -5.85641 37.8564 0
      vertex 1.4336 37.8564 0
    endloop
  endfacet
  facet normal 0 0 -1
    outer loop
      vertex -3.83568 34.3564 0
      vertex -5.85641 37.8564 0
      vertex -1.40641 37.2731 0
    endloop
  endfacet
  facet normal 0 0 -1
    outer loop
      vertex -7.57623 33.7109 0
      vertex -3.83568 34.3564 0
      vertex -4.91191 32.6923 0
    endloop
  endfacet
  facet normal 0 0 -1
    outer loop
      vertex -7.57623 33.7109 0
      vertex -4.91191 32.6923 0
      vertex -5.13691 32.3026 0
    endloop
  endfacet
  facet normal -0 0 -1
    outer loop
      vertex -3.83568 34.3564 0
      vertex -7.57623 33.7109 0
      vertex -5.85641 37.8564 0
    endloop
  endfacet
  facet normal 0 0 -1
    outer loop
      vertex -9.50141 31.5431 0
      vertex -7.57623 33.7109 0
      vertex -8.99623 31.2514 0
    endloop
  endfacet
  facet normal -0 0 -1
    outer loop
      vertex -7.57623 33.7109 0
      vertex -9.50141 31.5431 0
      vertex -5.85641 37.8564 0
    endloop
  endfacet
  facet normal 0 0 -1
    outer loop
      vertex 10.1436 37.8564 0
      vertex 13.6436 41.8564 0
      vertex 13.6436 34.3564 0
    endloop
  endfacet
  facet normal 0 0 -1
    outer loop
      vertex 13.5436 41.8564 0
      vertex 10.7269 42.3064 0
      vertex 13.5436 42.3064 0
    endloop
  endfacet
  facet normal -0 0 -1
    outer loop
      vertex 13.6436 41.8564 0
      vertex 10.1436 37.8564 0
      vertex 13.5436 41.8564 0
    endloop
  endfacet
  facet normal 0 0 -1
    outer loop
      vertex 10.1436 45.1464 0
      vertex 10.7269 42.3064 0
      vertex 10.1436 37.8564 0
    endloop
  endfacet
  facet normal -0 0 -1
    outer loop
      vertex 13.5436 41.8564 0
      vertex 10.1436 37.8564 0
      vertex 10.7269 42.3064 0
    endloop
  endfacet
  facet normal 0 0 -1
    outer loop
      vertex 6.14359 34.3564 0
      vertex 10.1436 37.8564 0
      vertex 13.6436 34.3564 0
    endloop
  endfacet
  facet normal 0 0 -1
    outer loop
      vertex 6.14359 34.4564 0
      vertex 10.1436 37.8564 0
      vertex 6.14359 34.3564 0
    endloop
  endfacet
  facet normal 0 0 -1
    outer loop
      vertex 5.69359 37.2731 0
      vertex 6.14359 34.4564 0
      vertex 5.69359 34.4564 0
    endloop
  endfacet
  facet normal 0 0 -1
    outer loop
      vertex 6.14359 34.4564 0
      vertex 5.69359 37.2731 0
      vertex 10.1436 37.8564 0
    endloop
  endfacet
  facet normal 0 0 -1
    outer loop
      vertex 2.85359 37.8564 0
      vertex 5.69359 37.2731 0
      vertex 2.85359 37.2731 0
    endloop
  endfacet
  facet normal 0 0 -1
    outer loop
      vertex 5.69359 37.2731 0
      vertex 2.85359 37.8564 0
      vertex 10.1436 37.8564 0
    endloop
  endfacet
  facet normal 0 0 -1
    outer loop
      vertex 10.7269 42.3064 0
      vertex 10.1436 45.1464 0
      vertex 10.7269 45.1464 0
    endloop
  endfacet
  facet normal 0 0 -1
    outer loop
      vertex -11.1262 27.5621 0
      vertex -10.2114 30.3133 0
      vertex -9.70623 30.0217 0
    endloop
  endfacet
  facet normal 0 0 -1
    outer loop
      vertex -10.2114 30.3133 0
      vertex -11.1262 27.5621 0
      vertex -13.8564 24 0
    endloop
  endfacet
  facet normal 0 -0 0
    outer loop
      vertex 6.14359 34.3564 0
      vertex 13.6436 34.3564 0
      vertex -3.83568 34.3564 0
    endloop
  endfacet
  facet normal 0 0 0
    outer loop
      vertex -3.83568 34.3564 0
      vertex -1.85641 34.3564 0
      vertex 6.14359 34.3564 0
    endloop
  endfacet
  facet normal 0 0 -1
    outer loop
      vertex -4.82532 32.6423 0
      vertex -4.91191 32.6923 0
      vertex -3.83568 34.3564 0
    endloop
  endfacet
  facet normal 0 -0 -1
    outer loop
      vertex -4.82532 32.6423 0
      vertex -3.83568 34.3564 0
      vertex -9.07532 25.2811 0
    endloop
  endfacet
  facet normal 0 0 1
    outer loop
      vertex -9.07532 25.2811 0
      vertex -8.82532 25.7141 0
      vertex -4.82532 32.6423 0
    endloop
  endfacet
  facet normal 0 0 -1
    outer loop
      vertex 10.7269 46.5664 0
      vertex 10.1436 46.5664 0
      vertex 10.7269 49.4064 0
    endloop
  endfacet
  facet normal 0 0 -1
    outer loop
      vertex 13.5436 49.4064 0
      vertex 10.7269 49.4064 0
      vertex 13.5436 49.8564 0
    endloop
  endfacet
  facet normal 0 0 -1
    outer loop
      vertex 13.6436 49.8564 0
      vertex 13.5436 49.8564 0
      vertex 13.6436 51.8357 0
    endloop
  endfacet
  facet normal -0 0 -1
    outer loop
      vertex 15.3077 52.9119 0
      vertex 13.6436 51.8357 0
      vertex 14.2891 55.5762 0
    endloop
  endfacet
  facet normal -0 0 -1
    outer loop
      vertex 15.3577 52.8253 0
      vertex 13.6436 51.8357 0
      vertex 15.3077 52.9119 0
    endloop
  endfacet
  facet normal 0 0 1
    outer loop
      vertex 13.6436 51.8357 0
      vertex 15.3577 52.8253 0
      vertex 15.7725 53.0648 0
    endloop
  endfacet
  facet normal -0 0 -1
    outer loop
      vertex 15.6974 53.1369 0
      vertex 15.3077 52.9119 0
      vertex 14.2891 55.5762 0
    endloop
  endfacet
  facet normal 0 0 -1
    outer loop
      vertex 14.2891 55.5762 0
      vertex 16.4569 57.5014 0
      vertex 16.7486 56.9962 0
    endloop
  endfacet
  facet normal 0 0 -1
    outer loop
      vertex 10.7269 49.4064 0
      vertex 13.6436 51.8357 0
      vertex 13.5436 49.8564 0
    endloop
  endfacet
  facet normal 0 0 -1
    outer loop
      vertex 10.1436 53.8564 0
      vertex 13.6436 51.8357 0
      vertex 10.7269 49.4064 0
    endloop
  endfacet
  facet normal -0 0 -1
    outer loop
      vertex 14.2891 55.5762 0
      vertex 10.1436 53.8564 0
      vertex 16.4569 57.5014 0
    endloop
  endfacet
  facet normal 0 0 -1
    outer loop
      vertex 13.6436 51.8357 0
      vertex 10.1436 53.8564 0
      vertex 14.2891 55.5762 0
    endloop
  endfacet
  facet normal 0 0 -1
    outer loop
      vertex 10.1436 53.8564 0
      vertex 10.7269 49.4064 0
      vertex 10.1436 46.5664 0
    endloop
  endfacet
  facet normal 0 0 -1
    outer loop
      vertex 25.7198 38.2891 0
      vertex 23.0555 39.3077 0
      vertex 23.2805 39.6974 0
    endloop
  endfacet
  facet normal 0 0 -1
    outer loop
      vertex 25.7141 29.1125 0
      vertex 19.2189 32.8625 0
      vertex 24 34.1436 0
    endloop
  endfacet
  facet normal -0 0 -1
    outer loop
      vertex 30.3133 -10.2114 0
      vertex 27.5621 -11.1262 0
      vertex 30.0217 -9.70623 0
    endloop
  endfacet
  facet normal 0 0 -1
    outer loop
      vertex 27.5621 -11.1262 0
      vertex 25.7641 -8.91191 0
      vertex 26.1538 -8.68691 0
    endloop
  endfacet
  facet normal -0 0 -1
    outer loop
      vertex 25.7641 -8.91191 0
      vertex 25.2811 -9.07532 0
      vertex 25.7141 -8.82532 0
    endloop
  endfacet
  facet normal 0 0 -1
    outer loop
      vertex 27.5621 -11.1262 0
      vertex 25.2811 -9.07532 0
      vertex 25.7641 -8.91191 0
    endloop
  endfacet
  facet normal 0 0 -1
    outer loop
      vertex 25.2811 -9.07532 0
      vertex 24.9445 -8.6923 0
      vertex 25.0311 -8.6423 0
    endloop
  endfacet
  facet normal 0 0 -1
    outer loop
      vertex 24 -13.8564 0
      vertex 27.5621 -11.1262 0
      vertex 30.3133 -10.2114 0
    endloop
  endfacet
  facet normal 0 0 -1
    outer loop
      vertex 24 -13.8564 0
      vertex 25.2811 -9.07532 0
      vertex 27.5621 -11.1262 0
    endloop
  endfacet
  facet normal 0 0 -1
    outer loop
      vertex 22.2802 -9.71093 0
      vertex 25.2811 -9.07532 0
      vertex 24 -13.8564 0
    endloop
  endfacet
  facet normal -0 0 -1
    outer loop
      vertex 25.2811 -9.07532 0
      vertex 22.2802 -9.71093 0
      vertex 24.9445 -8.6923 0
    endloop
  endfacet
  facet normal -0 0 -1
    outer loop
      vertex 24.9445 -8.6923 0
      vertex 22.2802 -9.71093 0
      vertex 24.7195 -8.30259 0
    endloop
  endfacet
  facet normal 0 0 -1
    outer loop
      vertex 20.355 -7.54308 0
      vertex 22.2802 -9.71093 0
      vertex 24 -13.8564 0
    endloop
  endfacet
  facet normal 0 0 -1
    outer loop
      vertex 22.2802 -9.71093 0
      vertex 20.355 -7.54308 0
      vertex 20.8602 -7.25141 0
    endloop
  endfacet
  facet normal 0 0 -1
    outer loop
      vertex 32 48 0
      vertex 27.9585 48 0
      vertex 29.2698 51.5621 0
    endloop
  endfacet
  facet normal 0 0 -1
    outer loop
      vertex 29.2698 44.4379 0
      vertex 27.0555 46.2359 0
      vertex 27.9585 48 0
    endloop
  endfacet
  facet normal 0 -0 -1
    outer loop
      vertex 27.0555 46.2359 0
      vertex 29.2698 44.4379 0
      vertex 26.8305 45.8462 0
    endloop
  endfacet
  facet normal 0 0 -1
    outer loop
      vertex 28.355 41.6867 0
      vertex 29.2698 44.4379 0
      vertex 32 48 0
    endloop
  endfacet
  facet normal 0 0 -1
    outer loop
      vertex 29.2698 44.4379 0
      vertex 28.355 41.6867 0
      vertex 27.8498 41.9783 0
    endloop
  endfacet
  facet normal 0 0 -1
    outer loop
      vertex 27.9585 48 0
      vertex 32 48 0
      vertex 29.2698 44.4379 0
    endloop
  endfacet
  facet normal 0 0 -1
    outer loop
      vertex 29.2698 51.5621 0
      vertex 28.355 54.3133 0
      vertex 32 48 0
    endloop
  endfacet
  facet normal 0 -0 -1
    outer loop
      vertex 28.355 54.3133 0
      vertex 29.2698 51.5621 0
      vertex 27.8498 54.0217 0
    endloop
  endfacet
  facet normal 0 0 -1
    outer loop
      vertex 27.0555 49.7641 0
      vertex 29.2698 51.5621 0
      vertex 27.9585 48 0
    endloop
  endfacet
  facet normal 0 0 -1
    outer loop
      vertex 29.2698 51.5621 0
      vertex 27.0555 49.7641 0
      vertex 26.8305 50.1538 0
    endloop
  endfacet
  facet normal 0 0 -1
    outer loop
      vertex 33.7109 -7.57623 0
      vertex 32.3026 -5.13691 0
      vertex 32.6923 -4.91191 0
    endloop
  endfacet
  facet normal 0 0 -1
    outer loop
      vertex 34.3564 24.1229 0
      vertex 32.6923 25.1991 0
      vertex 33.7109 27.8634 0
    endloop
  endfacet
  facet normal 0 -0 -1
    outer loop
      vertex 32.6923 25.1991 0
      vertex 34.3564 24.1229 0
      vertex 32.6423 25.1125 0
    endloop
  endfacet
  facet normal 0 0 -1
    outer loop
      vertex 37.2731 21.6936 0
      vertex 37.8564 18.8536 0
      vertex 37.2731 18.8536 0
    endloop
  endfacet
  facet normal 0 0 -1
    outer loop
      vertex 37.8564 18.8536 0
      vertex 37.2731 21.6936 0
      vertex 37.8564 26.1436 0
    endloop
  endfacet
  facet normal 0 0 -1
    outer loop
      vertex 34.4564 22.1436 0
      vertex 37.2731 21.6936 0
      vertex 34.4564 21.6936 0
    endloop
  endfacet
  facet normal 0 0 -1
    outer loop
      vertex 34.3564 24.1229 0
      vertex 37.2731 21.6936 0
      vertex 34.4564 22.1436 0
    endloop
  endfacet
  facet normal 0 0 -1
    outer loop
      vertex 34.3564 24.1229 0
      vertex 34.4564 22.1436 0
      vertex 34.3564 22.1436 0
    endloop
  endfacet
  facet normal 0 0 -1
    outer loop
      vertex 37.2731 21.6936 0
      vertex 34.3564 24.1229 0
      vertex 37.8564 26.1436 0
    endloop
  endfacet
  facet normal 0 0 -1
    outer loop
      vertex 33.7109 27.8634 0
      vertex 37.8564 26.1436 0
      vertex 34.3564 24.1229 0
    endloop
  endfacet
  facet normal 0 0 -1
    outer loop
      vertex 33.7109 27.8634 0
      vertex 31.5431 29.7886 0
      vertex 37.8564 26.1436 0
    endloop
  endfacet
  facet normal 0 -0 -1
    outer loop
      vertex 31.5431 29.7886 0
      vertex 33.7109 27.8634 0
      vertex 31.2514 29.2834 0
    endloop
  endfacet
  facet normal 0 0 -1
    outer loop
      vertex 34.3564 6.14359 0
      vertex 34.4564 14.1436 0
      vertex 34.4564 6.14359 0
    endloop
  endfacet
  facet normal -0 0 -1
    outer loop
      vertex 34.4564 14.1436 0
      vertex 34.3564 6.14359 0
      vertex 34.3564 14.1436 0
    endloop
  endfacet
  facet normal 0 0 -1
    outer loop
      vertex 34.4564 6.14359 0
      vertex 37.2731 5.69359 0
      vertex 34.4564 5.69359 0
    endloop
  endfacet
  facet normal 0 0 -1
    outer loop
      vertex 37.2731 5.69359 0
      vertex 34.4564 6.14359 0
      vertex 37.2731 14.5936 0
    endloop
  endfacet
  facet normal 0 0 -1
    outer loop
      vertex 34.4564 14.1436 0
      vertex 37.2731 14.5936 0
      vertex 34.4564 6.14359 0
    endloop
  endfacet
  facet normal -0 0 -1
    outer loop
      vertex 37.2731 14.5936 0
      vertex 34.4564 14.1436 0
      vertex 34.4564 14.5936 0
    endloop
  endfacet
  facet normal 0 0 -1
    outer loop
      vertex 37.2731 5.69359 0
      vertex 37.8564 2.85359 0
      vertex 37.2731 2.85359 0
    endloop
  endfacet
  facet normal 0 0 -1
    outer loop
      vertex 37.8564 2.85359 0
      vertex 37.2731 5.69359 0
      vertex 37.8564 17.4336 0
    endloop
  endfacet
  facet normal 0 0 -1
    outer loop
      vertex 37.2731 14.5936 0
      vertex 37.8564 17.4336 0
      vertex 37.2731 5.69359 0
    endloop
  endfacet
  facet normal -0 0 -1
    outer loop
      vertex 37.8564 17.4336 0
      vertex 37.2731 14.5936 0
      vertex 37.2731 17.4336 0
    endloop
  endfacet
  facet normal 0 0 -1
    outer loop
      vertex 37.8564 -5.85641 0
      vertex 37.2731 -1.40641 0
      vertex 37.8564 1.4336 0
    endloop
  endfacet
  facet normal 0 0 -1
    outer loop
      vertex 34.3564 -3.83568 0
      vertex 37.2731 -1.40641 0
      vertex 37.8564 -5.85641 0
    endloop
  endfacet
  facet normal 0 0 -1
    outer loop
      vertex 37.2731 -1.40641 0
      vertex 34.3564 -3.83568 0
      vertex 34.4564 -1.85641 0
    endloop
  endfacet
  facet normal -0 0 -1
    outer loop
      vertex 37.8564 -5.85641 0
      vertex 33.7109 -7.57623 0
      vertex 34.3564 -3.83568 0
    endloop
  endfacet
  facet normal 0 0 -1
    outer loop
      vertex 31.5431 -9.50141 0
      vertex 33.7109 -7.57623 0
      vertex 37.8564 -5.85641 0
    endloop
  endfacet
  facet normal 0 0 -1
    outer loop
      vertex 33.7109 -7.57623 0
      vertex 31.5431 -9.50141 0
      vertex 31.2514 -8.99623 0
    endloop
  endfacet
  facet normal -0 0 -1
    outer loop
      vertex 37.8564 1.4336 0
      vertex 37.2731 -1.40641 0
      vertex 37.2731 1.4336 0
    endloop
  endfacet
  facet normal -0 0 -1
    outer loop
      vertex 37.2731 -1.40641 0
      vertex 34.4564 -1.85641 0
      vertex 34.4564 -1.40641 0
    endloop
  endfacet
  facet normal -0 0 -1
    outer loop
      vertex 34.4564 -1.85641 0
      vertex 34.3564 -3.83568 0
      vertex 34.3564 -1.85641 0
    endloop
  endfacet
  facet normal 0 0 -1
    outer loop
      vertex 32.6923 -4.91191 0
      vertex 34.3564 -3.83568 0
      vertex 33.7109 -7.57623 0
    endloop
  endfacet
  facet normal 0 0 -1
    outer loop
      vertex 33.7109 27.8634 0
      vertex 32.6923 25.1991 0
      vertex 32.3026 25.4241 0
    endloop
  endfacet
  facet normal 0 0 -1
    outer loop
      vertex 27.9585 48 0
      vertex 26.9689 49.7141 0
      vertex 27.0555 49.7641 0
    endloop
  endfacet
  facet normal 0 0 -1
    outer loop
      vertex 27.5621 31.4134 0
      vertex 30.3133 30.4986 0
      vertex 30.0217 29.9934 0
    endloop
  endfacet
  facet normal 0 0 -1
    outer loop
      vertex 25.7641 29.1991 0
      vertex 27.5621 31.4134 0
      vertex 26.1538 28.9741 0
    endloop
  endfacet
  facet normal 0 0 -1
    outer loop
      vertex 27.5621 31.4134 0
      vertex 24 34.1436 0
      vertex 30.3133 30.4986 0
    endloop
  endfacet
  facet normal 0 0 -1
    outer loop
      vertex 25.7641 29.1991 0
      vertex 24 34.1436 0
      vertex 27.5621 31.4134 0
    endloop
  endfacet
  facet normal 0 0 -1
    outer loop
      vertex 24 34.1436 0
      vertex 25.7641 29.1991 0
      vertex 25.7141 29.1125 0
    endloop
  endfacet
  facet normal -0 0 -1
    outer loop
      vertex 27.645 40.4569 0
      vertex 25.7198 38.2891 0
      vertex 27.1398 40.7486 0
    endloop
  endfacet
  facet normal 0 0 -1
    outer loop
      vertex 24 34.1436 0
      vertex 25.7198 38.2891 0
      vertex 27.645 40.4569 0
    endloop
  endfacet
  facet normal 0 0 -1
    outer loop
      vertex 23.0555 39.3077 0
      vertex 25.7198 38.2891 0
      vertex 24 34.1436 0
    endloop
  endfacet
  facet normal 0 0 -1
    outer loop
      vertex 25.7198 57.7109 0
      vertex 27.645 55.5431 0
      vertex 27.1398 55.2514 0
    endloop
  endfacet
  facet normal 0 0 -1
    outer loop
      vertex 25.7198 57.7109 0
      vertex 24 61.8564 0
      vertex 27.645 55.5431 0
    endloop
  endfacet
  facet normal 0 0 -1
    outer loop
      vertex 23.0555 56.6923 0
      vertex 25.7198 57.7109 0
      vertex 23.2805 56.3026 0
    endloop
  endfacet
  facet normal 0 0 -1
    outer loop
      vertex 22.7189 57.0753 0
      vertex 25.7198 57.7109 0
      vertex 23.0555 56.6923 0
    endloop
  endfacet
  facet normal 0 0 -1
    outer loop
      vertex 22.7189 57.0753 0
      vertex 23.0555 56.6923 0
      vertex 22.9689 56.6423 0
    endloop
  endfacet
  facet normal -0 0 -1
    outer loop
      vertex 25.7198 57.7109 0
      vertex 22.7189 57.0753 0
      vertex 24 61.8564 0
    endloop
  endfacet
  facet normal 0 0 -1
    outer loop
      vertex 22.2359 56.9119 0
      vertex 22.7189 57.0753 0
      vertex 22.2859 56.8253 0
    endloop
  endfacet
  facet normal 0 0 -1
    outer loop
      vertex 20.4379 59.1262 0
      vertex 22.7189 57.0753 0
      vertex 22.2359 56.9119 0
    endloop
  endfacet
  facet normal 0 0 -1
    outer loop
      vertex 20.4379 59.1262 0
      vertex 22.2359 56.9119 0
      vertex 21.8462 56.6869 0
    endloop
  endfacet
  facet normal 0 0 -1
    outer loop
      vertex 22.7189 57.0753 0
      vertex 20.4379 59.1262 0
      vertex 24 61.8564 0
    endloop
  endfacet
  facet normal 0 0 -1
    outer loop
      vertex 17.6867 58.2114 0
      vertex 20.4379 59.1262 0
      vertex 17.9783 57.7062 0
    endloop
  endfacet
  facet normal -0 0 -1
    outer loop
      vertex 20.4379 59.1262 0
      vertex 17.6867 58.2114 0
      vertex 24 61.8564 0
    endloop
  endfacet
  facet normal 0 0 1
    outer loop
      vertex 32.6423 -4.82532 0
      vertex 25.7141 -8.82532 0
      vertex 25.2811 -9.07532 0
    endloop
  endfacet
  facet normal 0 0 0
    outer loop
      vertex 34.3564 22.1436 0
      vertex 34.3564 14.1436 0
      vertex 34.3564 6.14359 0
    endloop
  endfacet
  facet normal 0 0 0
    outer loop
      vertex 34.3564 24.1229 0
      vertex 34.3564 22.1436 0
      vertex 34.3564 6.14359 0
    endloop
  endfacet
  facet normal 0 -0 -1
    outer loop
      vertex 23.0555 39.3077 0
      vertex 24 34.1436 0
      vertex 19.2189 32.8625 0
    endloop
  endfacet
  facet normal 0 0 -1
    outer loop
      vertex 27.9585 48 0
      vertex 27.0555 46.2359 0
      vertex 26.9689 46.2859 0
    endloop
  endfacet
  facet normal -0 0 -1
    outer loop
      vertex 32.6423 -4.82532 0
      vertex 25.2811 -9.07532 0
      vertex 34.3564 -3.83568 0
    endloop
  endfacet
  facet normal 0 0 -1
    outer loop
      vertex 27.9585 48 0
      vertex 22.7189 57.0753 0
      vertex 22.9689 56.6423 0
    endloop
  endfacet
  facet normal 0 0 -1
    outer loop
      vertex 22.9689 56.6423 0
      vertex 26.9689 49.7141 0
      vertex 27.9585 48 0
    endloop
  endfacet
  facet normal 0 -0 -1
    outer loop
      vertex 22.9689 39.3577 0
      vertex 23.0555 39.3077 0
      vertex 19.2189 32.8625 0
    endloop
  endfacet
  facet normal 0 0 0
    outer loop
      vertex 34.3564 6.14359 0
      vertex 34.3564 -1.85641 0
      vertex 34.3564 -3.83568 0
    endloop
  endfacet
  facet normal 0 0 -1
    outer loop
      vertex 19.2189 32.8625 0
      vertex 27.9585 48 0
      vertex 26.9689 46.2859 0
    endloop
  endfacet
  facet normal 0 0 1
    outer loop
      vertex 25.7141 29.1125 0
      vertex 32.6423 25.1125 0
      vertex 34.3564 24.1229 0
    endloop
  endfacet
  facet normal 0 0 -1
    outer loop
      vertex 32.6923 -4.91191 0
      vertex 32.6423 -4.82532 0
      vertex 34.3564 -3.83568 0
    endloop
  endfacet
  facet normal -0 0 0
    outer loop
      vertex 34.3564 6.14359 0
      vertex 34.3564 -3.83568 0
      vertex 34.3564 24.1229 0
    endloop
  endfacet
  facet normal -0 -0 1
    outer loop
      vertex 25.7141 29.1125 0
      vertex 34.3564 24.1229 0
      vertex 19.2189 32.8625 0
    endloop
  endfacet
  facet normal -0 0 1
    outer loop
      vertex 22.9689 39.3577 0
      vertex 19.2189 32.8625 0
      vertex 26.9689 46.2859 0
    endloop
  endfacet
  facet normal -0 0 -1
    outer loop
      vertex 21.1695 -2.15381 0
      vertex 18.7302 -3.56215 0
      vertex 20.9445 -1.7641 0
    endloop
  endfacet
  facet normal 0 0 -1
    outer loop
      vertex 20.9445 -1.7641 0
      vertex 18.0207 3.5 0
      vertex 21.0311 -1.7141 0
    endloop
  endfacet
  facet normal 0 0 -1
    outer loop
      vertex 16 0 0
      vertex 20.9445 -1.7641 0
      vertex 18.7302 -3.56215 0
    endloop
  endfacet
  facet normal 0 0 -1
    outer loop
      vertex 16 0 0
      vertex 11.55 0.583328 0
      vertex 12 3.40001 0
    endloop
  endfacet
  facet normal 0 0 -1
    outer loop
      vertex 8.71 0 0
      vertex 11.55 0.583328 0
      vertex 16 0 0
    endloop
  endfacet
  facet normal -0 0 -1
    outer loop
      vertex 11.55 0.583328 0
      vertex 8.71 0 0
      vertex 8.71 0.583328 0
    endloop
  endfacet
  facet normal 0 0 -1
    outer loop
      vertex 19.645 -6.31333 0
      vertex 18.7302 -3.56215 0
      vertex 20.1502 -6.02166 0
    endloop
  endfacet
  facet normal 0 0 -1
    outer loop
      vertex 16 0 0
      vertex 18.7302 -3.56215 0
      vertex 19.645 -6.31333 0
    endloop
  endfacet
  facet normal 0 0 -1
    outer loop
      vertex 20.9445 -1.7641 0
      vertex 16 0 0
      vertex 18.0207 3.5 0
    endloop
  endfacet
  facet normal 0 0 -1
    outer loop
      vertex 12 3.40001 0
      vertex 18.0207 3.5 0
      vertex 16 0 0
    endloop
  endfacet
  facet normal -0 0 -1
    outer loop
      vertex 18.0207 3.5 0
      vertex 12 3.40001 0
      vertex 12 3.5 0
    endloop
  endfacet
  facet normal -0 0 -1
    outer loop
      vertex 12 3.40001 0
      vertex 11.55 0.583328 0
      vertex 11.55 3.40001 0
    endloop
  endfacet
  facet normal 0 0 -1
    outer loop
      vertex 7.29 0 0
      vertex 4.45 0.583328 0
      vertex 7.29 0.583328 0
    endloop
  endfacet
  facet normal 0 0 -1
    outer loop
      vertex 4.45 0.583328 0
      vertex 4 3.40001 0
      vertex 4.45 3.40001 0
    endloop
  endfacet
  facet normal 0 0 -1
    outer loop
      vertex 4 3.40001 0
      vertex 3.5 3.5 0
      vertex 4 3.5 0
    endloop
  endfacet
  facet normal 0 0 -1
    outer loop
      vertex 4.45 0.583328 0
      vertex 3.5 3.5 0
      vertex 4 3.40001 0
    endloop
  endfacet
  facet normal 0 0 -1
    outer loop
      vertex 3.5 3.5 0
      vertex 3.40001 4 0
      vertex 3.5 4 0
    endloop
  endfacet
  facet normal 0 0 -1
    outer loop
      vertex 3.40001 4 0
      vertex 0.583328 4.45 0
      vertex 3.40001 4.45 0
    endloop
  endfacet
  facet normal 0 0 -1
    outer loop
      vertex 3.5 3.5 0
      vertex 0.583328 4.45 0
      vertex 3.40001 4 0
    endloop
  endfacet
  facet normal 0 0 -1
    outer loop
      vertex 0 0 0
      vertex 3.5 3.5 0
      vertex 4.45 0.583328 0
    endloop
  endfacet
  facet normal 0 0 -1
    outer loop
      vertex 0 0 0
      vertex 4.45 0.583328 0
      vertex 7.29 0 0
    endloop
  endfacet
  facet normal -0 0 -1
    outer loop
      vertex 3.5 3.5 0
      vertex 0 0 0
      vertex 0.583328 4.45 0
    endloop
  endfacet
  facet normal 0 0 -1
    outer loop
      vertex 0 7.29 0
      vertex 0.583328 4.45 0
      vertex 0 0 0
    endloop
  endfacet
  facet normal 0 0 -1
    outer loop
      vertex 0.583328 4.45 0
      vertex 0 7.29 0
      vertex 0.583328 7.29 0
    endloop
  endfacet
  facet normal 0 0 -1
    outer loop
      vertex 8.71 0 1.4
      vertex 7.29 0 1.4
      vertex 8.71 0.583328 1.4
    endloop
  endfacet
  facet normal 0 0 -1
    outer loop
      vertex 8.71 0.583328 1.4
      vertex 11.55 2.00001 1.4
      vertex 11.55 0.583328 1.4
    endloop
  endfacet
  facet normal 0 0 -1
    outer loop
      vertex 7.29 0.583328 1.4
      vertex 8.71 0.583328 1.4
      vertex 7.29 0 1.4
    endloop
  endfacet
  facet normal 0 0 -1
    outer loop
      vertex 8.71 0.583328 1.4
      vertex 7.29 0.583328 1.4
      vertex 11.55 2.00001 1.4
    endloop
  endfacet
  facet normal 0 0 -1
    outer loop
      vertex 4.45 2.00001 1.4
      vertex 7.29 0.583328 1.4
      vertex 4.45 0.583328 1.4
    endloop
  endfacet
  facet normal 0 0 -1
    outer loop
      vertex 7.29 0.583328 1.4
      vertex 4.45 2.00001 1.4
      vertex 11.55 2.00001 1.4
    endloop
  endfacet
  facet normal -1 0 0
    outer loop
      vertex 8.71 0 0
      vertex 8.71 0.583328 1.4
      vertex 8.71 0.583328 0
    endloop
  endfacet
  facet normal -1 -0 0
    outer loop
      vertex 8.71 0.583328 1.4
      vertex 8.71 0 0
      vertex 8.71 0 1.4
    endloop
  endfacet
  facet normal 0 1 -0
    outer loop
      vertex 11.55 0.583328 0
      vertex 8.71 0.583328 1.4
      vertex 11.55 0.583328 1.4
    endloop
  endfacet
  facet normal 0 1 0
    outer loop
      vertex 8.71 0.583328 1.4
      vertex 11.55 0.583328 0
      vertex 8.71 0.583328 0
    endloop
  endfacet
  facet normal -1 0 0
    outer loop
      vertex 11.55 0.583328 0
      vertex 11.55 2.00001 1.4
      vertex 11.55 3.40001 0
    endloop
  endfacet
  facet normal -1 -0 0
    outer loop
      vertex 11.55 2.00001 1.4
      vertex 11.55 0.583328 0
      vertex 11.55 0.583328 1.4
    endloop
  endfacet
  facet normal 1 0 0
    outer loop
      vertex 4.45 0.583328 0
      vertex 4.45 2.00001 1.4
      vertex 4.45 0.583328 1.4
    endloop
  endfacet
  facet normal 1 0 0
    outer loop
      vertex 4.45 2.00001 1.4
      vertex 4.45 0.583328 0
      vertex 4.45 3.40001 0
    endloop
  endfacet
  facet normal 0 1 -0
    outer loop
      vertex 7.29 0.583328 0
      vertex 4.45 0.583328 1.4
      vertex 7.29 0.583328 1.4
    endloop
  endfacet
  facet normal 0 1 0
    outer loop
      vertex 4.45 0.583328 1.4
      vertex 7.29 0.583328 0
      vertex 4.45 0.583328 0
    endloop
  endfacet
  facet normal 1 -0 0
    outer loop
      vertex 7.29 0 1.4
      vertex 7.29 0.583328 0
      vertex 7.29 0.583328 1.4
    endloop
  endfacet
  facet normal 1 0 0
    outer loop
      vertex 7.29 0.583328 0
      vertex 7.29 0 1.4
      vertex 7.29 0 0
    endloop
  endfacet
  facet normal 0 0.707107 0.707107
    outer loop
      vertex 12 0 3.40001
      vertex 11.55 2.00001 1.4
      vertex 4 0 3.40001
    endloop
  endfacet
  facet normal 0 0.707107 0.707107
    outer loop
      vertex 12 3.40001 0
      vertex 11.55 2.00001 1.4
      vertex 12 0 3.40001
    endloop
  endfacet
  facet normal 0 0.707107 0.707107
    outer loop
      vertex 11.55 2.00001 1.4
      vertex 12 3.40001 0
      vertex 11.55 3.40001 0
    endloop
  endfacet
  facet normal -0 0.707107 0.707107
    outer loop
      vertex 4.45 2.00001 1.4
      vertex 4 0 3.40001
      vertex 11.55 2.00001 1.4
    endloop
  endfacet
  facet normal -0 0.707107 0.707107
    outer loop
      vertex 4 3.40001 0
      vertex 4.45 2.00001 1.4
      vertex 4.45 3.40001 0
    endloop
  endfacet
  facet normal 0 0.707107 0.707107
    outer loop
      vertex 4.45 2.00001 1.4
      vertex 4 3.40001 0
      vertex 4 0 3.40001
    endloop
  endfacet
  facet normal 1 0 0
    outer loop
      vertex 4 0 3.5
      vertex 4 3.40001 0
      vertex 4 3.5 0
    endloop
  endfacet
  facet normal 1 0 0
    outer loop
      vertex 4 3.40001 0
      vertex 4 0 3.5
      vertex 4 0 3.40001
    endloop
  endfacet
  facet normal -1 0 0
    outer loop
      vertex 12 0 3.40001
      vertex 12 3.5 0
      vertex 12 3.40001 0
    endloop
  endfacet
  facet normal -1 0 0
    outer loop
      vertex 12 3.5 0
      vertex 12 0 3.40001
      vertex 12 0 3.5
    endloop
  endfacet
  facet normal 0 0 -1
    outer loop
      vertex 20.355 -7.54308 1.4
      vertex 19.645 -6.31333 1.4
      vertex 20.1502 -6.02166 1.4
    endloop
  endfacet
  facet normal 0 0 -1
    outer loop
      vertex 20.8602 -7.25141 1.4
      vertex 23.5071 -9.00259 1.4
      vertex 22.2802 -9.71093 1.4
    endloop
  endfacet
  facet normal 0 0 -1
    outer loop
      vertex 20.1502 -6.02166 1.4
      vertex 20.8602 -7.25141 1.4
      vertex 20.355 -7.54308 1.4
    endloop
  endfacet
  facet normal 0 0 -1
    outer loop
      vertex 20.1502 -6.02166 1.4
      vertex 23.5071 -9.00259 1.4
      vertex 20.8602 -7.25141 1.4
    endloop
  endfacet
  facet normal 0 0 -1
    outer loop
      vertex 20.1502 -6.02166 1.4
      vertex 19.9571 -2.85381 1.4
      vertex 23.5071 -9.00259 1.4
    endloop
  endfacet
  facet normal 0 -0 -1
    outer loop
      vertex 19.9571 -2.85381 1.4
      vertex 20.1502 -6.02166 1.4
      vertex 18.7302 -3.56215 1.4
    endloop
  endfacet
  facet normal -0.499991 0.866031 0
    outer loop
      vertex 20.8602 -7.25141 0
      vertex 20.355 -7.54308 1.4
      vertex 20.8602 -7.25141 1.4
    endloop
  endfacet
  facet normal -0.499991 0.866031 0
    outer loop
      vertex 20.355 -7.54308 1.4
      vertex 20.8602 -7.25141 0
      vertex 20.355 -7.54308 0
    endloop
  endfacet
  facet normal 0.866026 0.499999 0
    outer loop
      vertex 22.2802 -9.71093 1.4
      vertex 20.8602 -7.25141 0
      vertex 20.8602 -7.25141 1.4
    endloop
  endfacet
  facet normal 0.866026 0.499999 0
    outer loop
      vertex 20.8602 -7.25141 0
      vertex 22.2802 -9.71093 1.4
      vertex 22.2802 -9.71093 0
    endloop
  endfacet
  facet normal -0.500003 0.866024 9.78462e-06
    outer loop
      vertex 22.2802 -9.71093 0
      vertex 23.5071 -9.00259 1.4
      vertex 24.7195 -8.30259 0
    endloop
  endfacet
  facet normal -0.499994 0.866029 0
    outer loop
      vertex 23.5071 -9.00259 1.4
      vertex 22.2802 -9.71093 0
      vertex 22.2802 -9.71093 1.4
    endloop
  endfacet
  facet normal 0.499994 -0.866029 0
    outer loop
      vertex 18.7302 -3.56215 0
      vertex 19.9571 -2.85381 1.4
      vertex 18.7302 -3.56215 1.4
    endloop
  endfacet
  facet normal 0.500003 -0.866024 -9.78462e-06
    outer loop
      vertex 19.9571 -2.85381 1.4
      vertex 18.7302 -3.56215 0
      vertex 21.1695 -2.15381 0
    endloop
  endfacet
  facet normal 0.866025 0.5 0
    outer loop
      vertex 20.1502 -6.02166 1.4
      vertex 18.7302 -3.56215 0
      vertex 18.7302 -3.56215 1.4
    endloop
  endfacet
  facet normal 0.866025 0.5 0
    outer loop
      vertex 18.7302 -3.56215 0
      vertex 20.1502 -6.02166 1.4
      vertex 20.1502 -6.02166 0
    endloop
  endfacet
  facet normal 0.499991 -0.866031 0
    outer loop
      vertex 19.645 -6.31333 0
      vertex 20.1502 -6.02166 1.4
      vertex 19.645 -6.31333 1.4
    endloop
  endfacet
  facet normal 0.499991 -0.866031 0
    outer loop
      vertex 20.1502 -6.02166 1.4
      vertex 19.645 -6.31333 0
      vertex 20.1502 -6.02166 0
    endloop
  endfacet
  facet normal 0.612379 0.353558 0.707099
    outer loop
      vertex 20.9445 -1.7641 0
      vertex 19.9571 -2.85381 1.4
      vertex 21.1695 -2.15381 0
    endloop
  endfacet
  facet normal 0.612347 0.353597 0.707107
    outer loop
      vertex 19.9571 -2.85381 1.4
      vertex 20.9445 -1.7641 0
      vertex 18 -3.4641 3.40001
    endloop
  endfacet
  facet normal 0.612379 0.353558 0.707099
    outer loop
      vertex 23.5071 -9.00259 1.4
      vertex 24.9445 -8.6923 0
      vertex 24.7195 -8.30259 0
    endloop
  endfacet
  facet normal 0.612396 0.353511 0.707107
    outer loop
      vertex 23.5071 -9.00259 1.4
      vertex 22 -10.3923 3.40001
      vertex 24.9445 -8.6923 0
    endloop
  endfacet
  facet normal 0.612368 0.353551 0.707112
    outer loop
      vertex 19.9571 -2.85381 1.4
      vertex 22 -10.3923 3.40001
      vertex 23.5071 -9.00259 1.4
    endloop
  endfacet
  facet normal 0.612367 0.353551 0.707113
    outer loop
      vertex 22 -10.3923 3.40001
      vertex 19.9571 -2.85381 1.4
      vertex 18 -3.4641 3.40001
    endloop
  endfacet
  facet normal 0.500019 -0.866015 0
    outer loop
      vertex 18 -3.4641 3.40001
      vertex 18.9699 -2.9041 2.38
      vertex 18 -3.4641 3.5
    endloop
  endfacet
  facet normal 0.500228 -0.865894 0.000264844
    outer loop
      vertex 20.9445 -1.7641 0
      vertex 18.9699 -2.9041 2.38
      vertex 18 -3.4641 3.40001
    endloop
  endfacet
  facet normal 0.500011 -0.866019 2.52106e-05
    outer loop
      vertex 18.9699 -2.9041 2.38
      vertex 20.9445 -1.7641 0
      vertex 21.0311 -1.7141 0
    endloop
  endfacet
  facet normal -0.500004 0.866023 0
    outer loop
      vertex 24.9098 -8.71231 0.14
      vertex 22 -10.3923 3.40001
      vertex 22 -10.3923 3.5
    endloop
  endfacet
  facet normal -0.500011 0.866019 -0.000152432
    outer loop
      vertex 24.9445 -8.6923 0
      vertex 24.9098 -8.71231 0.14
      vertex 25.0311 -8.6423 0
    endloop
  endfacet
  facet normal -0.500178 0.865923 -0.00020763
    outer loop
      vertex 24.9098 -8.71231 0.14
      vertex 24.9445 -8.6923 0
      vertex 22 -10.3923 3.40001
    endloop
  endfacet
  facet normal -0 0 -1
    outer loop
      vertex 31.5431 -9.50141 1.4
      vertex 30.3133 -10.2114 1.4
      vertex 31.2514 -8.99623 1.4
    endloop
  endfacet
  facet normal 0 0 -1
    outer loop
      vertex 31.2514 -8.99623 1.4
      vertex 33.0026 -6.34935 1.4
      vertex 33.7109 -7.57623 1.4
    endloop
  endfacet
  facet normal 0 0 -1
    outer loop
      vertex 30.0217 -9.70623 1.4
      vertex 31.2514 -8.99623 1.4
      vertex 30.3133 -10.2114 1.4
    endloop
  endfacet
  facet normal -0 0 -1
    outer loop
      vertex 31.2514 -8.99623 1.4
      vertex 30.0217 -9.70623 1.4
      vertex 33.0026 -6.34935 1.4
    endloop
  endfacet
  facet normal 0 0 -1
    outer loop
      vertex 26.8538 -9.89935 1.4
      vertex 30.0217 -9.70623 1.4
      vertex 27.5621 -11.1262 1.4
    endloop
  endfacet
  facet normal -0 0 -1
    outer loop
      vertex 30.0217 -9.70623 1.4
      vertex 26.8538 -9.89935 1.4
      vertex 33.0026 -6.34935 1.4
    endloop
  endfacet
  facet normal -0.866 -0.500044 0
    outer loop
      vertex 31.5431 -9.50141 0
      vertex 31.2514 -8.99623 1.4
      vertex 31.2514 -8.99623 0
    endloop
  endfacet
  facet normal -0.866 -0.500044 0
    outer loop
      vertex 31.2514 -8.99623 1.4
      vertex 31.5431 -9.50141 0
      vertex 31.5431 -9.50141 1.4
    endloop
  endfacet
  facet normal -0.500002 0.866024 0
    outer loop
      vertex 33.7109 -7.57623 0
      vertex 31.2514 -8.99623 1.4
      vertex 33.7109 -7.57623 1.4
    endloop
  endfacet
  facet normal -0.500002 0.866024 0
    outer loop
      vertex 31.2514 -8.99623 1.4
      vertex 33.7109 -7.57623 0
      vertex 31.2514 -8.99623 0
    endloop
  endfacet
  facet normal -0.866032 -0.499989 1.13478e-05
    outer loop
      vertex 33.7109 -7.57623 0
      vertex 33.0026 -6.34935 1.4
      vertex 32.3026 -5.13691 0
    endloop
  endfacet
  facet normal -0.866037 -0.499979 0
    outer loop
      vertex 33.0026 -6.34935 1.4
      vertex 33.7109 -7.57623 0
      vertex 33.7109 -7.57623 1.4
    endloop
  endfacet
  facet normal 0.866032 0.499988 -0
    outer loop
      vertex 27.5621 -11.1262 0
      vertex 26.8538 -9.89935 1.4
      vertex 27.5621 -11.1262 1.4
    endloop
  endfacet
  facet normal 0.866029 0.499993 -6.02238e-06
    outer loop
      vertex 26.8538 -9.89935 1.4
      vertex 27.5621 -11.1262 0
      vertex 26.1538 -8.68691 0
    endloop
  endfacet
  facet normal -0.499979 0.866038 0
    outer loop
      vertex 30.0217 -9.70623 0
      vertex 27.5621 -11.1262 1.4
      vertex 30.0217 -9.70623 1.4
    endloop
  endfacet
  facet normal -0.499979 0.866038 0
    outer loop
      vertex 27.5621 -11.1262 1.4
      vertex 30.0217 -9.70623 0
      vertex 27.5621 -11.1262 0
    endloop
  endfacet
  facet normal 0.86607 0.499923 0
    outer loop
      vertex 30.3133 -10.2114 1.4
      vertex 30.0217 -9.70623 0
      vertex 30.0217 -9.70623 1.4
    endloop
  endfacet
  facet normal 0.86607 0.499923 0
    outer loop
      vertex 30.0217 -9.70623 0
      vertex 30.3133 -10.2114 1.4
      vertex 30.3133 -10.2114 0
    endloop
  endfacet
  facet normal -0.353565 0.612365 0.707107
    outer loop
      vertex 32.6923 -4.91191 0
      vertex 33.0026 -6.34935 1.4
      vertex 34.3923 -7.85641 3.40001
    endloop
  endfacet
  facet normal -0.353561 0.612367 0.707108
    outer loop
      vertex 33.0026 -6.34935 1.4
      vertex 32.6923 -4.91191 0
      vertex 32.3026 -5.13691 0
    endloop
  endfacet
  facet normal -0.353554 0.612374 0.707105
    outer loop
      vertex 33.0026 -6.34935 1.4
      vertex 27.4641 -11.8564 3.40001
      vertex 34.3923 -7.85641 3.40001
    endloop
  endfacet
  facet normal -0.353553 0.612374 0.707106
    outer loop
      vertex 26.8538 -9.89935 1.4
      vertex 27.4641 -11.8564 3.40001
      vertex 33.0026 -6.34935 1.4
    endloop
  endfacet
  facet normal -0.353561 0.612367 0.707108
    outer loop
      vertex 25.7641 -8.91191 0
      vertex 26.8538 -9.89935 1.4
      vertex 26.1538 -8.68691 0
    endloop
  endfacet
  facet normal -0.353552 0.612374 0.707106
    outer loop
      vertex 26.8538 -9.89935 1.4
      vertex 25.7641 -8.91191 0
      vertex 27.4641 -11.8564 3.40001
    endloop
  endfacet
  facet normal 0.865994 0.500054 0
    outer loop
      vertex 25.7141 -8.82532 2.02777e-07
      vertex 25.7641 -8.91191 0
      vertex 25.7141 -8.82532 0
    endloop
  endfacet
  facet normal 0.865994 0.500054 5.00054e-05
    outer loop
      vertex 25.7841 -8.94656 0.14
      vertex 25.7641 -8.91191 0
      vertex 25.7141 -8.82532 2.02777e-07
    endloop
  endfacet
  facet normal 0.866025 0.500001 -0
    outer loop
      vertex 27.4641 -11.8564 3.40001
      vertex 25.7841 -8.94656 0.14
      vertex 27.4641 -11.8564 3.5
    endloop
  endfacet
  facet normal 0.866003 0.500038 4.47094e-05
    outer loop
      vertex 25.7841 -8.94656 0.14
      vertex 27.4641 -11.8564 3.40001
      vertex 25.7641 -8.91191 0
    endloop
  endfacet
  facet normal -0.865994 -0.500054 0
    outer loop
      vertex 32.6923 -4.91191 0
      vertex 32.6423 -4.82532 4.94291e-07
      vertex 32.6423 -4.82532 0
    endloop
  endfacet
  facet normal -0.865994 -0.500054 -6.26115e-05
    outer loop
      vertex 32.6923 -4.91191 0
      vertex 33.8323 -6.88646 2.38
      vertex 32.6423 -4.82532 4.94291e-07
    endloop
  endfacet
  facet normal -0.866019 -0.500011 -1.47072e-05
    outer loop
      vertex 34.3923 -7.85641 3.40001
      vertex 33.8323 -6.88646 2.38
      vertex 32.6923 -4.91191 0
    endloop
  endfacet
  facet normal -0.866026 -0.499999 0
    outer loop
      vertex 33.8323 -6.88646 2.38
      vertex 34.3923 -7.85641 3.40001
      vertex 34.3923 -7.85641 3.5
    endloop
  endfacet
  facet normal 0.5 -0.866025 0
    outer loop
      vertex 25.7141 -8.82532 0
      vertex 32.6423 -4.82532 4.94291e-07
      vertex 25.7141 -8.82532 2.02777e-07
    endloop
  endfacet
  facet normal 0.5 -0.866025 0
    outer loop
      vertex 32.6423 -4.82532 4.94291e-07
      vertex 25.7141 -8.82532 0
      vertex 32.6423 -4.82532 0
    endloop
  endfacet
  facet normal 0 0 -1
    outer loop
      vertex 35.8564 -1.40641 1.4
      vertex 37.2731 1.4336 1.4
      vertex 37.2731 -1.40641 1.4
    endloop
  endfacet
  facet normal -0 0 -1
    outer loop
      vertex 37.2731 1.4336 1.4
      vertex 35.8564 -1.40641 1.4
      vertex 37.2731 2.85359 1.4
    endloop
  endfacet
  facet normal 0 0 -1
    outer loop
      vertex 35.8564 5.69359 1.4
      vertex 37.2731 2.85359 1.4
      vertex 35.8564 -1.40641 1.4
    endloop
  endfacet
  facet normal 0 0 -1
    outer loop
      vertex 37.2731 2.85359 1.4
      vertex 35.8564 5.69359 1.4
      vertex 37.2731 5.69359 1.4
    endloop
  endfacet
  facet normal 0 0 -1
    outer loop
      vertex 37.2731 1.4336 1.4
      vertex 37.8564 2.85359 1.4
      vertex 37.8564 1.4336 1.4
    endloop
  endfacet
  facet normal -0 0 -1
    outer loop
      vertex 37.8564 2.85359 1.4
      vertex 37.2731 1.4336 1.4
      vertex 37.2731 2.85359 1.4
    endloop
  endfacet
  facet normal 0 -1 0
    outer loop
      vertex 37.2731 2.85359 0
      vertex 37.8564 2.85359 1.4
      vertex 37.2731 2.85359 1.4
    endloop
  endfacet
  facet normal 0 -1 -0
    outer loop
      vertex 37.8564 2.85359 1.4
      vertex 37.2731 2.85359 0
      vertex 37.8564 2.85359 0
    endloop
  endfacet
  facet normal -1 0 0
    outer loop
      vertex 37.2731 2.85359 0
      vertex 37.2731 5.69359 1.4
      vertex 37.2731 5.69359 0
    endloop
  endfacet
  facet normal -1 -0 0
    outer loop
      vertex 37.2731 5.69359 1.4
      vertex 37.2731 2.85359 0
      vertex 37.2731 2.85359 1.4
    endloop
  endfacet
  facet normal 0 -1 0
    outer loop
      vertex 37.2731 5.69359 0
      vertex 35.8564 5.69359 1.4
      vertex 34.4564 5.69359 0
    endloop
  endfacet
  facet normal 0 -1 0
    outer loop
      vertex 35.8564 5.69359 1.4
      vertex 37.2731 5.69359 0
      vertex 37.2731 5.69359 1.4
    endloop
  endfacet
  facet normal 0 1 -0
    outer loop
      vertex 37.2731 -1.40641 0
      vertex 35.8564 -1.40641 1.4
      vertex 37.2731 -1.40641 1.4
    endloop
  endfacet
  facet normal 0 1 0
    outer loop
      vertex 35.8564 -1.40641 1.4
      vertex 37.2731 -1.40641 0
      vertex 34.4564 -1.40641 0
    endloop
  endfacet
  facet normal -1 0 0
    outer loop
      vertex 37.2731 -1.40641 0
      vertex 37.2731 1.4336 1.4
      vertex 37.2731 1.4336 0
    endloop
  endfacet
  facet normal -1 -0 0
    outer loop
      vertex 37.2731 1.4336 1.4
      vertex 37.2731 -1.40641 0
      vertex 37.2731 -1.40641 1.4
    endloop
  endfacet
  facet normal 0 1 -0
    outer loop
      vertex 37.8564 1.4336 0
      vertex 37.2731 1.4336 1.4
      vertex 37.8564 1.4336 1.4
    endloop
  endfacet
  facet normal 0 1 0
    outer loop
      vertex 37.2731 1.4336 1.4
      vertex 37.8564 1.4336 0
      vertex 37.2731 1.4336 0
    endloop
  endfacet
  facet normal -0.707109 0 0.707105
    outer loop
      vertex 37.8564 6.14359 3.40001
      vertex 35.8564 5.69359 1.4
      vertex 37.8564 -1.85641 3.40001
    endloop
  endfacet
  facet normal -0.707108 -6.47025e-06 0.707106
    outer loop
      vertex 34.4564 6.14359 0
      vertex 35.8564 5.69359 1.4
      vertex 37.8564 6.14359 3.40001
    endloop
  endfacet
  facet normal -0.707107 0 0.707107
    outer loop
      vertex 35.8564 5.69359 1.4
      vertex 34.4564 6.14359 0
      vertex 34.4564 5.69359 0
    endloop
  endfacet
  facet normal -0.707109 0 0.707105
    outer loop
      vertex 35.8564 -1.40641 1.4
      vertex 37.8564 -1.85641 3.40001
      vertex 35.8564 5.69359 1.4
    endloop
  endfacet
  facet normal -0.707107 0 0.707107
    outer loop
      vertex 34.4564 -1.85641 0
      vertex 35.8564 -1.40641 1.4
      vertex 34.4564 -1.40641 0
    endloop
  endfacet
  facet normal -0.707108 6.47025e-06 0.707106
    outer loop
      vertex 35.8564 -1.40641 1.4
      vertex 34.4564 -1.85641 0
      vertex 37.8564 -1.85641 3.40001
    endloop
  endfacet
  facet normal 0 1 -0
    outer loop
      vertex 37.8564 -1.85641 3.40001
      vertex 34.3564 -1.85641 2.48698e-07
      vertex 37.8564 -1.85641 3.5
    endloop
  endfacet
  facet normal 0 1 -0
    outer loop
      vertex 34.4564 -1.85641 0
      vertex 34.3564 -1.85641 2.48698e-07
      vertex 37.8564 -1.85641 3.40001
    endloop
  endfacet
  facet normal 0 1 0
    outer loop
      vertex 34.3564 -1.85641 2.48698e-07
      vertex 34.4564 -1.85641 0
      vertex 34.3564 -1.85641 0
    endloop
  endfacet
  facet normal 0 -1 0
    outer loop
      vertex 34.3564 6.14359 2.48698e-07
      vertex 37.8564 6.14359 3.40001
      vertex 37.8564 6.14359 3.5
    endloop
  endfacet
  facet normal 0 -1 0
    outer loop
      vertex 34.4564 6.14359 0
      vertex 34.3564 6.14359 2.48698e-07
      vertex 34.3564 6.14359 0
    endloop
  endfacet
  facet normal 0 -1 0
    outer loop
      vertex 34.3564 6.14359 2.48698e-07
      vertex 34.4564 6.14359 0
      vertex 37.8564 6.14359 3.40001
    endloop
  endfacet
  facet normal 1 -0 0
    outer loop
      vertex 34.3564 -1.85641 2.48698e-07
      vertex 34.3564 6.14359 0
      vertex 34.3564 6.14359 2.48698e-07
    endloop
  endfacet
  facet normal 1 0 0
    outer loop
      vertex 34.3564 6.14359 0
      vertex 34.3564 -1.85641 2.48698e-07
      vertex 34.3564 -1.85641 0
    endloop
  endfacet
  facet normal 0 0 -1
    outer loop
      vertex 35.8564 14.5936 1.4
      vertex 37.2731 17.4336 1.4
      vertex 37.2731 14.5936 1.4
    endloop
  endfacet
  facet normal -0 0 -1
    outer loop
      vertex 37.2731 17.4336 1.4
      vertex 35.8564 14.5936 1.4
      vertex 37.2731 18.8536 1.4
    endloop
  endfacet
  facet normal 0 0 -1
    outer loop
      vertex 35.8564 21.6936 1.4
      vertex 37.2731 18.8536 1.4
      vertex 35.8564 14.5936 1.4
    endloop
  endfacet
  facet normal 0 0 -1
    outer loop
      vertex 37.2731 18.8536 1.4
      vertex 35.8564 21.6936 1.4
      vertex 37.2731 21.6936 1.4
    endloop
  endfacet
  facet normal 0 0 -1
    outer loop
      vertex 37.2731 17.4336 1.4
      vertex 37.8564 18.8536 1.4
      vertex 37.8564 17.4336 1.4
    endloop
  endfacet
  facet normal -0 0 -1
    outer loop
      vertex 37.8564 18.8536 1.4
      vertex 37.2731 17.4336 1.4
      vertex 37.2731 18.8536 1.4
    endloop
  endfacet
  facet normal 0 -1 0
    outer loop
      vertex 37.2731 18.8536 0
      vertex 37.8564 18.8536 1.4
      vertex 37.2731 18.8536 1.4
    endloop
  endfacet
  facet normal 0 -1 -0
    outer loop
      vertex 37.8564 18.8536 1.4
      vertex 37.2731 18.8536 0
      vertex 37.8564 18.8536 0
    endloop
  endfacet
  facet normal -1 0 0
    outer loop
      vertex 37.2731 18.8536 0
      vertex 37.2731 21.6936 1.4
      vertex 37.2731 21.6936 0
    endloop
  endfacet
  facet normal -1 -0 0
    outer loop
      vertex 37.2731 21.6936 1.4
      vertex 37.2731 18.8536 0
      vertex 37.2731 18.8536 1.4
    endloop
  endfacet
  facet normal 0 -1 0
    outer loop
      vertex 37.2731 21.6936 0
      vertex 35.8564 21.6936 1.4
      vertex 34.4564 21.6936 0
    endloop
  endfacet
  facet normal 0 -1 0
    outer loop
      vertex 35.8564 21.6936 1.4
      vertex 37.2731 21.6936 0
      vertex 37.2731 21.6936 1.4
    endloop
  endfacet
  facet normal 0 1 -0
    outer loop
      vertex 37.2731 14.5936 0
      vertex 35.8564 14.5936 1.4
      vertex 37.2731 14.5936 1.4
    endloop
  endfacet
  facet normal 0 1 0
    outer loop
      vertex 35.8564 14.5936 1.4
      vertex 37.2731 14.5936 0
      vertex 34.4564 14.5936 0
    endloop
  endfacet
  facet normal -1 0 0
    outer loop
      vertex 37.2731 14.5936 0
      vertex 37.2731 17.4336 1.4
      vertex 37.2731 17.4336 0
    endloop
  endfacet
  facet normal -1 -0 0
    outer loop
      vertex 37.2731 17.4336 1.4
      vertex 37.2731 14.5936 0
      vertex 37.2731 14.5936 1.4
    endloop
  endfacet
  facet normal 0 1 -0
    outer loop
      vertex 37.8564 17.4336 0
      vertex 37.2731 17.4336 1.4
      vertex 37.8564 17.4336 1.4
    endloop
  endfacet
  facet normal 0 1 0
    outer loop
      vertex 37.2731 17.4336 1.4
      vertex 37.8564 17.4336 0
      vertex 37.2731 17.4336 0
    endloop
  endfacet
  facet normal -0.707109 0 0.707105
    outer loop
      vertex 37.8564 22.1436 3.40001
      vertex 35.8564 21.6936 1.4
      vertex 37.8564 14.1436 3.40001
    endloop
  endfacet
  facet normal -0.707108 -6.47025e-06 0.707106
    outer loop
      vertex 34.4564 22.1436 0
      vertex 35.8564 21.6936 1.4
      vertex 37.8564 22.1436 3.40001
    endloop
  endfacet
  facet normal -0.707107 0 0.707107
    outer loop
      vertex 35.8564 21.6936 1.4
      vertex 34.4564 22.1436 0
      vertex 34.4564 21.6936 0
    endloop
  endfacet
  facet normal -0.707109 0 0.707105
    outer loop
      vertex 35.8564 14.5936 1.4
      vertex 37.8564 14.1436 3.40001
      vertex 35.8564 21.6936 1.4
    endloop
  endfacet
  facet normal -0.707107 0 0.707107
    outer loop
      vertex 34.4564 14.1436 0
      vertex 35.8564 14.5936 1.4
      vertex 34.4564 14.5936 0
    endloop
  endfacet
  facet normal -0.707108 6.47025e-06 0.707106
    outer loop
      vertex 35.8564 14.5936 1.4
      vertex 34.4564 14.1436 0
      vertex 37.8564 14.1436 3.40001
    endloop
  endfacet
  facet normal 0 1 -0
    outer loop
      vertex 37.8564 14.1436 3.40001
      vertex 34.3564 14.1436 2.48698e-07
      vertex 37.8564 14.1436 3.5
    endloop
  endfacet
  facet normal 0 1 -0
    outer loop
      vertex 34.4564 14.1436 0
      vertex 34.3564 14.1436 2.48698e-07
      vertex 37.8564 14.1436 3.40001
    endloop
  endfacet
  facet normal 0 1 0
    outer loop
      vertex 34.3564 14.1436 2.48698e-07
      vertex 34.4564 14.1436 0
      vertex 34.3564 14.1436 0
    endloop
  endfacet
  facet normal 0 -1 0
    outer loop
      vertex 34.3564 22.1436 2.48698e-07
      vertex 37.8564 22.1436 3.40001
      vertex 37.8564 22.1436 3.5
    endloop
  endfacet
  facet normal 0 -1 0
    outer loop
      vertex 34.4564 22.1436 0
      vertex 34.3564 22.1436 2.48698e-07
      vertex 34.3564 22.1436 0
    endloop
  endfacet
  facet normal 0 -1 0
    outer loop
      vertex 34.3564 22.1436 2.48698e-07
      vertex 34.4564 22.1436 0
      vertex 37.8564 22.1436 3.40001
    endloop
  endfacet
  facet normal 1 -0 0
    outer loop
      vertex 34.3564 14.1436 2.48698e-07
      vertex 34.3564 22.1436 0
      vertex 34.3564 22.1436 2.48698e-07
    endloop
  endfacet
  facet normal 1 0 0
    outer loop
      vertex 34.3564 22.1436 0
      vertex 34.3564 14.1436 2.48698e-07
      vertex 34.3564 14.1436 0
    endloop
  endfacet
  facet normal 0 0 -1
    outer loop
      vertex 33.0026 26.6365 1.4
      vertex 31.2514 29.2834 1.4
      vertex 33.7109 27.8634 1.4
    endloop
  endfacet
  facet normal 0 0 -1
    outer loop
      vertex 30.0217 29.9934 1.4
      vertex 31.2514 29.2834 1.4
      vertex 33.0026 26.6365 1.4
    endloop
  endfacet
  facet normal 0 0 -1
    outer loop
      vertex 31.2514 29.2834 1.4
      vertex 30.0217 29.9934 1.4
      vertex 30.3133 30.4986 1.4
    endloop
  endfacet
  facet normal 0 0 -1
    outer loop
      vertex 26.8538 30.1865 1.4
      vertex 30.0217 29.9934 1.4
      vertex 33.0026 26.6365 1.4
    endloop
  endfacet
  facet normal 0 0 -1
    outer loop
      vertex 30.0217 29.9934 1.4
      vertex 26.8538 30.1865 1.4
      vertex 27.5621 31.4134 1.4
    endloop
  endfacet
  facet normal -0 0 -1
    outer loop
      vertex 31.5431 29.7886 1.4
      vertex 31.2514 29.2834 1.4
      vertex 30.3133 30.4986 1.4
    endloop
  endfacet
  facet normal 0.866083 -0.499901 0
    outer loop
      vertex 30.0217 29.9934 1.4
      vertex 30.3133 30.4986 0
      vertex 30.3133 30.4986 1.4
    endloop
  endfacet
  facet normal 0.866083 -0.499901 0
    outer loop
      vertex 30.3133 30.4986 0
      vertex 30.0217 29.9934 1.4
      vertex 30.0217 29.9934 0
    endloop
  endfacet
  facet normal -0.499987 -0.866033 0
    outer loop
      vertex 27.5621 31.4134 0
      vertex 30.0217 29.9934 1.4
      vertex 27.5621 31.4134 1.4
    endloop
  endfacet
  facet normal -0.499987 -0.866033 -0
    outer loop
      vertex 30.0217 29.9934 1.4
      vertex 27.5621 31.4134 0
      vertex 30.0217 29.9934 0
    endloop
  endfacet
  facet normal 0.866041 -0.499973 0
    outer loop
      vertex 26.8538 30.1865 1.4
      vertex 27.5621 31.4134 0
      vertex 27.5621 31.4134 1.4
    endloop
  endfacet
  facet normal 0.86603 -0.499992 -2.2083e-05
    outer loop
      vertex 27.5621 31.4134 0
      vertex 26.8538 30.1865 1.4
      vertex 26.1538 28.9741 0
    endloop
  endfacet
  facet normal -0.866041 0.499973 0
    outer loop
      vertex 33.7109 27.8634 0
      vertex 33.0026 26.6365 1.4
      vertex 33.7109 27.8634 1.4
    endloop
  endfacet
  facet normal -0.86603 0.499992 2.2083e-05
    outer loop
      vertex 33.0026 26.6365 1.4
      vertex 33.7109 27.8634 0
      vertex 32.3026 25.4241 0
    endloop
  endfacet
  facet normal -0.500002 -0.866024 0
    outer loop
      vertex 31.2514 29.2834 0
      vertex 33.7109 27.8634 1.4
      vertex 31.2514 29.2834 1.4
    endloop
  endfacet
  facet normal -0.500002 -0.866024 -0
    outer loop
      vertex 33.7109 27.8634 1.4
      vertex 31.2514 29.2834 0
      vertex 33.7109 27.8634 0
    endloop
  endfacet
  facet normal -0.866009 0.500029 0
    outer loop
      vertex 31.2514 29.2834 0
      vertex 31.5431 29.7886 1.4
      vertex 31.5431 29.7886 0
    endloop
  endfacet
  facet normal -0.866009 0.500029 0
    outer loop
      vertex 31.5431 29.7886 1.4
      vertex 31.2514 29.2834 0
      vertex 31.2514 29.2834 1.4
    endloop
  endfacet
  facet normal -0.353551 -0.612368 0.707112
    outer loop
      vertex 27.4641 32.1436 3.40001
      vertex 33.0026 26.6365 1.4
      vertex 34.3923 28.1436 3.40001
    endloop
  endfacet
  facet normal -0.353549 -0.612367 0.707114
    outer loop
      vertex 27.4641 32.1436 3.40001
      vertex 26.8538 30.1865 1.4
      vertex 33.0026 26.6365 1.4
    endloop
  endfacet
  facet normal -0.353604 -0.612343 0.707107
    outer loop
      vertex 25.7641 29.1991 0
      vertex 26.8538 30.1865 1.4
      vertex 27.4641 32.1436 3.40001
    endloop
  endfacet
  facet normal -0.353565 -0.612375 0.707099
    outer loop
      vertex 26.8538 30.1865 1.4
      vertex 25.7641 29.1991 0
      vertex 26.1538 28.9741 0
    endloop
  endfacet
  facet normal -0.353518 -0.612393 0.707107
    outer loop
      vertex 33.0026 26.6365 1.4
      vertex 32.6923 25.1991 0
      vertex 34.3923 28.1436 3.40001
    endloop
  endfacet
  facet normal -0.353565 -0.612375 0.707099
    outer loop
      vertex 32.6923 25.1991 0
      vertex 33.0026 26.6365 1.4
      vertex 32.3026 25.4241 0
    endloop
  endfacet
  facet normal -0.866027 0.499998 0
    outer loop
      vertex 34.3923 28.1436 3.40001
      vertex 32.8901 25.5417 0.495552
      vertex 34.3923 28.1436 3.5
    endloop
  endfacet
  facet normal -0.866029 0.499993 6.17942e-06
    outer loop
      vertex 32.6923 25.1991 0
      vertex 32.8901 25.5417 0.495552
      vertex 34.3923 28.1436 3.40001
    endloop
  endfacet
  facet normal -0.866019 0.500011 0
    outer loop
      vertex 32.6423 25.1125 2.30399e-07
      vertex 32.6923 25.1991 0
      vertex 32.6423 25.1125 0
    endloop
  endfacet
  facet normal -0.866019 0.500011 -1.04936e-05
    outer loop
      vertex 32.6923 25.1991 0
      vertex 32.6423 25.1125 2.30399e-07
      vertex 32.8901 25.5417 0.495552
    endloop
  endfacet
  facet normal 0.866041 -0.499973 0
    outer loop
      vertex 26.9634 31.2763 2.49852
      vertex 27.4641 32.1436 3.40001
      vertex 27.4641 32.1436 3.5
    endloop
  endfacet
  facet normal 0.866172 -0.499746 -0.000290841
    outer loop
      vertex 26.9634 31.2763 2.49852
      vertex 25.7641 29.1991 0
      vertex 27.4641 32.1436 3.40001
    endloop
  endfacet
  facet normal 0.866019 -0.500011 2.48151e-06
    outer loop
      vertex 25.7141 29.1125 6.13335e-07
      vertex 25.7641 29.1991 0
      vertex 26.9634 31.2763 2.49852
    endloop
  endfacet
  facet normal 0.866019 -0.500011 0
    outer loop
      vertex 25.7641 29.1991 0
      vertex 25.7141 29.1125 6.13335e-07
      vertex 25.7141 29.1125 0
    endloop
  endfacet
  facet normal 0.5 0.866025 -0
    outer loop
      vertex 32.6423 25.1125 0
      vertex 25.7141 29.1125 6.13335e-07
      vertex 32.6423 25.1125 2.30399e-07
    endloop
  endfacet
  facet normal 0.5 0.866025 0
    outer loop
      vertex 25.7141 29.1125 6.13335e-07
      vertex 32.6423 25.1125 0
      vertex 25.7141 29.1125 0
    endloop
  endfacet
  facet normal -0 0 -1
    outer loop
      vertex 28.355 41.6867 1.4
      vertex 27.645 40.4569 1.4
      vertex 27.8498 41.9783 1.4
    endloop
  endfacet
  facet normal 0 0 -1
    outer loop
      vertex 27.8498 41.9783 1.4
      vertex 28.0429 45.1462 1.4
      vertex 29.2698 44.4379 1.4
    endloop
  endfacet
  facet normal 0 0 -1
    outer loop
      vertex 27.1398 40.7486 1.4
      vertex 27.8498 41.9783 1.4
      vertex 27.645 40.4569 1.4
    endloop
  endfacet
  facet normal -0 0 -1
    outer loop
      vertex 27.8498 41.9783 1.4
      vertex 27.1398 40.7486 1.4
      vertex 28.0429 45.1462 1.4
    endloop
  endfacet
  facet normal 0 0 -1
    outer loop
      vertex 24.4929 38.9974 1.4
      vertex 27.1398 40.7486 1.4
      vertex 25.7198 38.2891 1.4
    endloop
  endfacet
  facet normal -0 0 -1
    outer loop
      vertex 27.1398 40.7486 1.4
      vertex 24.4929 38.9974 1.4
      vertex 28.0429 45.1462 1.4
    endloop
  endfacet
  facet normal -0.499901 -0.866083 0
    outer loop
      vertex 27.8498 41.9783 0
      vertex 28.355 41.6867 1.4
      vertex 27.8498 41.9783 1.4
    endloop
  endfacet
  facet normal -0.499901 -0.866083 -0
    outer loop
      vertex 28.355 41.6867 1.4
      vertex 27.8498 41.9783 0
      vertex 28.355 41.6867 0
    endloop
  endfacet
  facet normal -0.866033 0.499987 0
    outer loop
      vertex 27.8498 41.9783 0
      vertex 29.2698 44.4379 1.4
      vertex 29.2698 44.4379 0
    endloop
  endfacet
  facet normal -0.866033 0.499987 0
    outer loop
      vertex 29.2698 44.4379 1.4
      vertex 27.8498 41.9783 0
      vertex 27.8498 41.9783 1.4
    endloop
  endfacet
  facet normal -0.499992 -0.86603 -2.2083e-05
    outer loop
      vertex 29.2698 44.4379 0
      vertex 28.0429 45.1462 1.4
      vertex 26.8305 45.8462 0
    endloop
  endfacet
  facet normal -0.499973 -0.866041 0
    outer loop
      vertex 28.0429 45.1462 1.4
      vertex 29.2698 44.4379 0
      vertex 29.2698 44.4379 1.4
    endloop
  endfacet
  facet normal 0.499973 0.866041 -0
    outer loop
      vertex 25.7198 38.2891 0
      vertex 24.4929 38.9974 1.4
      vertex 25.7198 38.2891 1.4
    endloop
  endfacet
  facet normal 0.499992 0.86603 2.2083e-05
    outer loop
      vertex 24.4929 38.9974 1.4
      vertex 25.7198 38.2891 0
      vertex 23.2805 39.6974 0
    endloop
  endfacet
  facet normal -0.866024 0.500002 0
    outer loop
      vertex 25.7198 38.2891 0
      vertex 27.1398 40.7486 1.4
      vertex 27.1398 40.7486 0
    endloop
  endfacet
  facet normal -0.866024 0.500002 0
    outer loop
      vertex 27.1398 40.7486 1.4
      vertex 25.7198 38.2891 0
      vertex 25.7198 38.2891 1.4
    endloop
  endfacet
  facet normal 0.500029 0.866009 -0
    outer loop
      vertex 27.645 40.4569 0
      vertex 27.1398 40.7486 1.4
      vertex 27.645 40.4569 1.4
    endloop
  endfacet
  facet normal 0.500029 0.866009 0
    outer loop
      vertex 27.1398 40.7486 1.4
      vertex 27.645 40.4569 0
      vertex 27.1398 40.7486 0
    endloop
  endfacet
  facet normal -0.612343 0.353604 0.707107
    outer loop
      vertex 27.0555 46.2359 0
      vertex 28.0429 45.1462 1.4
      vertex 30 44.5359 3.40001
    endloop
  endfacet
  facet normal -0.612375 0.353565 0.707099
    outer loop
      vertex 28.0429 45.1462 1.4
      vertex 27.0555 46.2359 0
      vertex 26.8305 45.8462 0
    endloop
  endfacet
  facet normal -0.612367 0.35355 0.707114
    outer loop
      vertex 28.0429 45.1462 1.4
      vertex 26 37.6077 3.40001
      vertex 30 44.5359 3.40001
    endloop
  endfacet
  facet normal -0.612369 0.35355 0.707111
    outer loop
      vertex 24.4929 38.9974 1.4
      vertex 26 37.6077 3.40001
      vertex 28.0429 45.1462 1.4
    endloop
  endfacet
  facet normal -0.612375 0.353565 0.707099
    outer loop
      vertex 23.0555 39.3077 0
      vertex 24.4929 38.9974 1.4
      vertex 23.2805 39.6974 0
    endloop
  endfacet
  facet normal -0.612393 0.353518 0.707107
    outer loop
      vertex 24.4929 38.9974 1.4
      vertex 23.0555 39.3077 0
      vertex 26 37.6077 3.40001
    endloop
  endfacet
  facet normal 0.499973 0.866041 -0
    outer loop
      vertex 26 37.6077 3.40001
      vertex 25.1327 38.1084 2.49852
      vertex 26 37.6077 3.5
    endloop
  endfacet
  facet normal 0.499746 0.866172 0.000290841
    outer loop
      vertex 23.0555 39.3077 0
      vertex 25.1327 38.1084 2.49852
      vertex 26 37.6077 3.40001
    endloop
  endfacet
  facet normal 0.500011 0.866019 -2.48151e-06
    outer loop
      vertex 25.1327 38.1084 2.49852
      vertex 23.0555 39.3077 0
      vertex 22.9689 39.3577 4.4722e-07
    endloop
  endfacet
  facet normal 0.500011 0.866019 0
    outer loop
      vertex 22.9689 39.3577 4.4722e-07
      vertex 23.0555 39.3077 0
      vertex 22.9689 39.3577 0
    endloop
  endfacet
  facet normal -0.499998 -0.866027 0
    outer loop
      vertex 27.3981 46.0381 0.495552
      vertex 30 44.5359 3.40001
      vertex 30 44.5359 3.5
    endloop
  endfacet
  facet normal -0.500011 -0.866019 1.04935e-05
    outer loop
      vertex 27.0555 46.2359 0
      vertex 27.3981 46.0381 0.495552
      vertex 26.9689 46.2859 4.52152e-07
    endloop
  endfacet
  facet normal -0.500011 -0.866019 0
    outer loop
      vertex 27.0555 46.2359 0
      vertex 26.9689 46.2859 4.52152e-07
      vertex 26.9689 46.2859 0
    endloop
  endfacet
  facet normal -0.499993 -0.866029 -6.17942e-06
    outer loop
      vertex 27.3981 46.0381 0.495552
      vertex 27.0555 46.2359 0
      vertex 30 44.5359 3.40001
    endloop
  endfacet
  facet normal 0.866025 -0.5 0
    outer loop
      vertex 22.9689 39.3577 4.4722e-07
      vertex 26.9689 46.2859 0
      vertex 26.9689 46.2859 4.52152e-07
    endloop
  endfacet
  facet normal 0.866025 -0.5 0
    outer loop
      vertex 26.9689 46.2859 0
      vertex 22.9689 39.3577 4.4722e-07
      vertex 22.9689 39.3577 0
    endloop
  endfacet
  facet normal 0 0 -1
    outer loop
      vertex 28.0429 50.8538 1.4
      vertex 27.8498 54.0217 1.4
      vertex 29.2698 51.5621 1.4
    endloop
  endfacet
  facet normal 0 0 -1
    outer loop
      vertex 27.1398 55.2514 1.4
      vertex 27.8498 54.0217 1.4
      vertex 28.0429 50.8538 1.4
    endloop
  endfacet
  facet normal 0 0 -1
    outer loop
      vertex 27.8498 54.0217 1.4
      vertex 27.1398 55.2514 1.4
      vertex 27.645 55.5431 1.4
    endloop
  endfacet
  facet normal 0 0 -1
    outer loop
      vertex 24.4929 57.0026 1.4
      vertex 27.1398 55.2514 1.4
      vertex 28.0429 50.8538 1.4
    endloop
  endfacet
  facet normal 0 0 -1
    outer loop
      vertex 27.1398 55.2514 1.4
      vertex 24.4929 57.0026 1.4
      vertex 25.7198 57.7109 1.4
    endloop
  endfacet
  facet normal -0 0 -1
    outer loop
      vertex 28.355 54.3133 1.4
      vertex 27.8498 54.0217 1.4
      vertex 27.645 55.5431 1.4
    endloop
  endfacet
  facet normal 0.500029 -0.866009 0
    outer loop
      vertex 27.1398 55.2514 0
      vertex 27.645 55.5431 1.4
      vertex 27.1398 55.2514 1.4
    endloop
  endfacet
  facet normal 0.500029 -0.866009 0
    outer loop
      vertex 27.645 55.5431 1.4
      vertex 27.1398 55.2514 0
      vertex 27.645 55.5431 0
    endloop
  endfacet
  facet normal -0.866024 -0.500002 0
    outer loop
      vertex 27.1398 55.2514 0
      vertex 25.7198 57.7109 1.4
      vertex 25.7198 57.7109 0
    endloop
  endfacet
  facet normal -0.866024 -0.500002 0
    outer loop
      vertex 25.7198 57.7109 1.4
      vertex 27.1398 55.2514 0
      vertex 27.1398 55.2514 1.4
    endloop
  endfacet
  facet normal 0.499992 -0.86603 2.2083e-05
    outer loop
      vertex 25.7198 57.7109 0
      vertex 24.4929 57.0026 1.4
      vertex 23.2805 56.3026 0
    endloop
  endfacet
  facet normal 0.499973 -0.866041 0
    outer loop
      vertex 24.4929 57.0026 1.4
      vertex 25.7198 57.7109 0
      vertex 25.7198 57.7109 1.4
    endloop
  endfacet
  facet normal -0.499973 0.866041 0
    outer loop
      vertex 29.2698 51.5621 0
      vertex 28.0429 50.8538 1.4
      vertex 29.2698 51.5621 1.4
    endloop
  endfacet
  facet normal -0.499992 0.86603 -2.2083e-05
    outer loop
      vertex 28.0429 50.8538 1.4
      vertex 29.2698 51.5621 0
      vertex 26.8305 50.1538 0
    endloop
  endfacet
  facet normal -0.866033 -0.499987 0
    outer loop
      vertex 29.2698 51.5621 0
      vertex 27.8498 54.0217 1.4
      vertex 27.8498 54.0217 0
    endloop
  endfacet
  facet normal -0.866033 -0.499987 0
    outer loop
      vertex 27.8498 54.0217 1.4
      vertex 29.2698 51.5621 0
      vertex 29.2698 51.5621 1.4
    endloop
  endfacet
  facet normal -0.499901 0.866083 0
    outer loop
      vertex 28.355 54.3133 0
      vertex 27.8498 54.0217 1.4
      vertex 28.355 54.3133 1.4
    endloop
  endfacet
  facet normal -0.499901 0.866083 0
    outer loop
      vertex 27.8498 54.0217 1.4
      vertex 28.355 54.3133 0
      vertex 27.8498 54.0217 0
    endloop
  endfacet
  facet normal -0.612367 -0.35355 0.707114
    outer loop
      vertex 26 58.3923 3.40001
      vertex 28.0429 50.8538 1.4
      vertex 30 51.4641 3.40001
    endloop
  endfacet
  facet normal -0.612369 -0.35355 0.707111
    outer loop
      vertex 26 58.3923 3.40001
      vertex 24.4929 57.0026 1.4
      vertex 28.0429 50.8538 1.4
    endloop
  endfacet
  facet normal -0.612393 -0.353518 0.707107
    outer loop
      vertex 23.0555 56.6923 0
      vertex 24.4929 57.0026 1.4
      vertex 26 58.3923 3.40001
    endloop
  endfacet
  facet normal -0.612375 -0.353565 0.707099
    outer loop
      vertex 24.4929 57.0026 1.4
      vertex 23.0555 56.6923 0
      vertex 23.2805 56.3026 0
    endloop
  endfacet
  facet normal -0.612343 -0.353604 0.707107
    outer loop
      vertex 28.0429 50.8538 1.4
      vertex 27.0555 49.7641 0
      vertex 30 51.4641 3.40001
    endloop
  endfacet
  facet normal -0.612375 -0.353565 0.707099
    outer loop
      vertex 27.0555 49.7641 0
      vertex 28.0429 50.8538 1.4
      vertex 26.8305 50.1538 0
    endloop
  endfacet
  facet normal -0.500019 0.866015 0
    outer loop
      vertex 30 51.4641 3.40001
      vertex 29.0301 50.9041 2.38
      vertex 30 51.4641 3.5
    endloop
  endfacet
  facet normal -0.500228 0.865894 0.000264844
    outer loop
      vertex 27.0555 49.7641 0
      vertex 29.0301 50.9041 2.38
      vertex 30 51.4641 3.40001
    endloop
  endfacet
  facet normal -0.500011 0.866019 2.52105e-05
    outer loop
      vertex 29.0301 50.9041 2.38
      vertex 27.0555 49.7641 0
      vertex 26.9689 49.7141 5.25496e-07
    endloop
  endfacet
  facet normal -0.500011 0.866019 0
    outer loop
      vertex 26.9689 49.7141 5.25496e-07
      vertex 27.0555 49.7641 0
      vertex 26.9689 49.7141 0
    endloop
  endfacet
  facet normal 0.500006 -0.866022 0
    outer loop
      vertex 23.0902 56.7123 0.14
      vertex 26 58.3923 3.40001
      vertex 26 58.3923 3.5
    endloop
  endfacet
  facet normal 0.500011 -0.866019 -0.00021429
    outer loop
      vertex 23.0555 56.6923 0
      vertex 23.0902 56.7123 0.14
      vertex 22.9689 56.6423 8.17009e-07
    endloop
  endfacet
  facet normal 0.500011 -0.866019 0
    outer loop
      vertex 23.0555 56.6923 0
      vertex 22.9689 56.6423 8.17009e-07
      vertex 22.9689 56.6423 0
    endloop
  endfacet
  facet normal 0.500253 -0.865879 -0.000294267
    outer loop
      vertex 23.0902 56.7123 0.14
      vertex 23.0555 56.6923 0
      vertex 26 58.3923 3.40001
    endloop
  endfacet
  facet normal 0.866025 0.5 0
    outer loop
      vertex 26.9689 49.7141 5.25496e-07
      vertex 22.9689 56.6423 0
      vertex 22.9689 56.6423 8.17009e-07
    endloop
  endfacet
  facet normal 0.866025 0.5 0
    outer loop
      vertex 22.9689 56.6423 0
      vertex 26.9689 49.7141 5.25496e-07
      vertex 26.9689 49.7141 0
    endloop
  endfacet
  facet normal -0 0 -1
    outer loop
      vertex 21.1462 57.8993 1.4
      vertex 17.9783 57.7062 1.4
      vertex 20.4379 59.1262 1.4
    endloop
  endfacet
  facet normal -0 0 -1
    outer loop
      vertex 17.9783 57.7062 1.4
      vertex 16.7486 56.9962 1.4
      vertex 17.6867 58.2114 1.4
    endloop
  endfacet
  facet normal 0 0 -1
    outer loop
      vertex 21.1462 57.8993 1.4
      vertex 16.7486 56.9962 1.4
      vertex 17.9783 57.7062 1.4
    endloop
  endfacet
  facet normal 0 0 -1
    outer loop
      vertex 14.9974 54.3493 1.4
      vertex 16.7486 56.9962 1.4
      vertex 21.1462 57.8993 1.4
    endloop
  endfacet
  facet normal 0 0 -1
    outer loop
      vertex 16.7486 56.9962 1.4
      vertex 14.9974 54.3493 1.4
      vertex 14.2891 55.5762 1.4
    endloop
  endfacet
  facet normal 0 0 -1
    outer loop
      vertex 17.6867 58.2114 1.4
      vertex 16.7486 56.9962 1.4
      vertex 16.4569 57.5014 1.4
    endloop
  endfacet
  facet normal 0.866009 0.500029 0
    outer loop
      vertex 16.7486 56.9962 1.4
      vertex 16.4569 57.5014 0
      vertex 16.4569 57.5014 1.4
    endloop
  endfacet
  facet normal 0.866009 0.500029 0
    outer loop
      vertex 16.4569 57.5014 0
      vertex 16.7486 56.9962 1.4
      vertex 16.7486 56.9962 0
    endloop
  endfacet
  facet normal 0.500002 -0.866024 0
    outer loop
      vertex 14.2891 55.5762 0
      vertex 16.7486 56.9962 1.4
      vertex 14.2891 55.5762 1.4
    endloop
  endfacet
  facet normal 0.500002 -0.866024 0
    outer loop
      vertex 16.7486 56.9962 1.4
      vertex 14.2891 55.5762 0
      vertex 16.7486 56.9962 0
    endloop
  endfacet
  facet normal 0.866041 0.499973 0
    outer loop
      vertex 14.9974 54.3493 1.4
      vertex 14.2891 55.5762 0
      vertex 14.2891 55.5762 1.4
    endloop
  endfacet
  facet normal 0.86603 0.499992 2.2083e-05
    outer loop
      vertex 14.2891 55.5762 0
      vertex 14.9974 54.3493 1.4
      vertex 15.6974 53.1369 0
    endloop
  endfacet
  facet normal -0.866041 -0.499973 0
    outer loop
      vertex 20.4379 59.1262 0
      vertex 21.1462 57.8993 1.4
      vertex 20.4379 59.1262 1.4
    endloop
  endfacet
  facet normal -0.86603 -0.499992 -2.2083e-05
    outer loop
      vertex 21.1462 57.8993 1.4
      vertex 20.4379 59.1262 0
      vertex 21.8462 56.6869 0
    endloop
  endfacet
  facet normal 0.499987 -0.866033 0
    outer loop
      vertex 17.9783 57.7062 0
      vertex 20.4379 59.1262 1.4
      vertex 17.9783 57.7062 1.4
    endloop
  endfacet
  facet normal 0.499987 -0.866033 0
    outer loop
      vertex 20.4379 59.1262 1.4
      vertex 17.9783 57.7062 0
      vertex 20.4379 59.1262 0
    endloop
  endfacet
  facet normal -0.866083 -0.499901 0
    outer loop
      vertex 17.9783 57.7062 0
      vertex 17.6867 58.2114 1.4
      vertex 17.6867 58.2114 0
    endloop
  endfacet
  facet normal -0.866083 -0.499901 0
    outer loop
      vertex 17.6867 58.2114 1.4
      vertex 17.9783 57.7062 0
      vertex 17.9783 57.7062 1.4
    endloop
  endfacet
  facet normal 0.353565 -0.612375 0.707099
    outer loop
      vertex 22.2359 56.9119 0
      vertex 21.1462 57.8993 1.4
      vertex 21.8462 56.6869 0
    endloop
  endfacet
  facet normal 0.353604 -0.612343 0.707107
    outer loop
      vertex 20.5359 59.8564 3.40001
      vertex 21.1462 57.8993 1.4
      vertex 22.2359 56.9119 0
    endloop
  endfacet
  facet normal 0.353549 -0.612367 0.707114
    outer loop
      vertex 20.5359 59.8564 3.40001
      vertex 14.9974 54.3493 1.4
      vertex 21.1462 57.8993 1.4
    endloop
  endfacet
  facet normal 0.353551 -0.612368 0.707112
    outer loop
      vertex 14.9974 54.3493 1.4
      vertex 20.5359 59.8564 3.40001
      vertex 13.6077 55.8564 3.40001
    endloop
  endfacet
  facet normal 0.353565 -0.612375 0.707099
    outer loop
      vertex 14.9974 54.3493 1.4
      vertex 15.3077 52.9119 0
      vertex 15.6974 53.1369 0
    endloop
  endfacet
  facet normal 0.353518 -0.612393 0.707107
    outer loop
      vertex 15.3077 52.9119 0
      vertex 14.9974 54.3493 1.4
      vertex 13.6077 55.8564 3.40001
    endloop
  endfacet
  facet normal -0.866022 -0.500006 0
    outer loop
      vertex 20.5359 59.8564 3.40001
      vertex 22.2159 56.9466 0.14
      vertex 20.5359 59.8564 3.5
    endloop
  endfacet
  facet normal -0.865879 -0.500253 0.000294267
    outer loop
      vertex 22.2359 56.9119 0
      vertex 22.2159 56.9466 0.14
      vertex 20.5359 59.8564 3.40001
    endloop
  endfacet
  facet normal -0.866019 -0.500011 0.00021429
    outer loop
      vertex 22.2159 56.9466 0.14
      vertex 22.2359 56.9119 0
      vertex 22.2859 56.8253 0
    endloop
  endfacet
  facet normal 0.866015 0.500019 0
    outer loop
      vertex 14.1677 54.8865 2.38
      vertex 13.6077 55.8564 3.40001
      vertex 13.6077 55.8564 3.5
    endloop
  endfacet
  facet normal 0.865894 0.500228 -0.000264844
    outer loop
      vertex 14.1677 54.8865 2.38
      vertex 15.3077 52.9119 0
      vertex 13.6077 55.8564 3.40001
    endloop
  endfacet
  facet normal 0.866019 0.500011 -2.52106e-05
    outer loop
      vertex 15.3577 52.8253 1.74537e-08
      vertex 15.3077 52.9119 0
      vertex 14.1677 54.8865 2.38
    endloop
  endfacet
  facet normal 0.866019 0.500011 0
    outer loop
      vertex 15.3077 52.9119 0
      vertex 15.3577 52.8253 1.74537e-08
      vertex 15.3577 52.8253 0
    endloop
  endfacet
  facet normal -0.500024 0.866012 0
    outer loop
      vertex 15.3577 52.8253 1.74537e-08
      vertex 15.7725 53.0648 0
      vertex 15.3577 52.8253 0
    endloop
  endfacet
  facet normal 0 0 -1
    outer loop
      vertex 10.1436 45.1464 1.4
      vertex 10.7269 46.5664 1.4
      vertex 10.7269 45.1464 1.4
    endloop
  endfacet
  facet normal -0 0 -1
    outer loop
      vertex 10.7269 46.5664 1.4
      vertex 10.1436 45.1464 1.4
      vertex 10.1436 46.5664 1.4
    endloop
  endfacet
  facet normal 0 0 -1
    outer loop
      vertex 10.7269 45.1464 1.4
      vertex 12.1436 42.3064 1.4
      vertex 10.7269 42.3064 1.4
    endloop
  endfacet
  facet normal 0 0 -1
    outer loop
      vertex 12.1436 42.3064 1.4
      vertex 10.7269 45.1464 1.4
      vertex 12.1436 49.4064 1.4
    endloop
  endfacet
  facet normal 0 0 -1
    outer loop
      vertex 10.7269 46.5664 1.4
      vertex 12.1436 49.4064 1.4
      vertex 10.7269 45.1464 1.4
    endloop
  endfacet
  facet normal -0 0 -1
    outer loop
      vertex 12.1436 49.4064 1.4
      vertex 10.7269 46.5664 1.4
      vertex 10.7269 49.4064 1.4
    endloop
  endfacet
  facet normal 0 1 -0
    outer loop
      vertex 10.7269 45.1464 0
      vertex 10.1436 45.1464 1.4
      vertex 10.7269 45.1464 1.4
    endloop
  endfacet
  facet normal 0 1 0
    outer loop
      vertex 10.1436 45.1464 1.4
      vertex 10.7269 45.1464 0
      vertex 10.1436 45.1464 0
    endloop
  endfacet
  facet normal 1 -0 0
    outer loop
      vertex 10.7269 42.3064 1.4
      vertex 10.7269 45.1464 0
      vertex 10.7269 45.1464 1.4
    endloop
  endfacet
  facet normal 1 0 0
    outer loop
      vertex 10.7269 45.1464 0
      vertex 10.7269 42.3064 1.4
      vertex 10.7269 42.3064 0
    endloop
  endfacet
  facet normal 0 1 0
    outer loop
      vertex 10.7269 42.3064 0
      vertex 12.1436 42.3064 1.4
      vertex 13.5436 42.3064 0
    endloop
  endfacet
  facet normal 0 1 0
    outer loop
      vertex 12.1436 42.3064 1.4
      vertex 10.7269 42.3064 0
      vertex 10.7269 42.3064 1.4
    endloop
  endfacet
  facet normal 0 -1 0
    outer loop
      vertex 10.7269 49.4064 0
      vertex 12.1436 49.4064 1.4
      vertex 10.7269 49.4064 1.4
    endloop
  endfacet
  facet normal 0 -1 -0
    outer loop
      vertex 12.1436 49.4064 1.4
      vertex 10.7269 49.4064 0
      vertex 13.5436 49.4064 0
    endloop
  endfacet
  facet normal 1 -0 0
    outer loop
      vertex 10.7269 46.5664 1.4
      vertex 10.7269 49.4064 0
      vertex 10.7269 49.4064 1.4
    endloop
  endfacet
  facet normal 1 0 0
    outer loop
      vertex 10.7269 49.4064 0
      vertex 10.7269 46.5664 1.4
      vertex 10.7269 46.5664 0
    endloop
  endfacet
  facet normal 0 -1 0
    outer loop
      vertex 10.1436 46.5664 0
      vertex 10.7269 46.5664 1.4
      vertex 10.1436 46.5664 1.4
    endloop
  endfacet
  facet normal 0 -1 -0
    outer loop
      vertex 10.7269 46.5664 1.4
      vertex 10.1436 46.5664 0
      vertex 10.7269 46.5664 0
    endloop
  endfacet
  facet normal 0.707108 -6.47025e-06 0.707106
    outer loop
      vertex 10.1436 49.8564 3.40001
      vertex 12.1436 49.4064 1.4
      vertex 13.5436 49.8564 0
    endloop
  endfacet
  facet normal 0.707109 0 0.707105
    outer loop
      vertex 10.1436 49.8564 3.40001
      vertex 12.1436 42.3064 1.4
      vertex 12.1436 49.4064 1.4
    endloop
  endfacet
  facet normal 0.707109 -0 0.707105
    outer loop
      vertex 10.1436 41.8564 3.40001
      vertex 12.1436 42.3064 1.4
      vertex 10.1436 49.8564 3.40001
    endloop
  endfacet
  facet normal 0.707108 6.47025e-06 0.707106
    outer loop
      vertex 13.5436 41.8564 0
      vertex 12.1436 42.3064 1.4
      vertex 10.1436 41.8564 3.40001
    endloop
  endfacet
  facet normal 0.707107 0 0.707107
    outer loop
      vertex 12.1436 42.3064 1.4
      vertex 13.5436 41.8564 0
      vertex 13.5436 42.3064 0
    endloop
  endfacet
  facet normal 0.707107 0 0.707107
    outer loop
      vertex 13.5436 49.8564 0
      vertex 12.1436 49.4064 1.4
      vertex 13.5436 49.4064 0
    endloop
  endfacet
  facet normal 0 -1 0
    outer loop
      vertex 13.5436 49.8564 0
      vertex 10.1436 49.8564 3.5
      vertex 10.1436 49.8564 3.40001
    endloop
  endfacet
  facet normal 0 -1 0
    outer loop
      vertex 10.1436 49.8564 3.5
      vertex 13.5436 49.8564 0
      vertex 13.6436 49.8564 0
    endloop
  endfacet
  facet normal 0 1 0
    outer loop
      vertex 13.6436 41.8564 0
      vertex 10.1436 41.8564 3.40001
      vertex 10.1436 41.8564 3.5
    endloop
  endfacet
  facet normal 0 1 0
    outer loop
      vertex 10.1436 41.8564 3.40001
      vertex 13.6436 41.8564 0
      vertex 13.5436 41.8564 0
    endloop
  endfacet
  facet normal 0 0 -1
    outer loop
      vertex 5.69359 35.8564 1.4
      vertex 2.85359 37.2731 1.4
      vertex 5.69359 37.2731 1.4
    endloop
  endfacet
  facet normal 0 0 -1
    outer loop
      vertex 2.85359 37.2731 1.4
      vertex 1.4336 37.2731 1.4
      vertex 2.85359 37.8564 1.4
    endloop
  endfacet
  facet normal 0 0 -1
    outer loop
      vertex 5.69359 35.8564 1.4
      vertex 1.4336 37.2731 1.4
      vertex 2.85359 37.2731 1.4
    endloop
  endfacet
  facet normal 0 0 -1
    outer loop
      vertex -1.40641 35.8564 1.4
      vertex 1.4336 37.2731 1.4
      vertex 5.69359 35.8564 1.4
    endloop
  endfacet
  facet normal -0 0 -1
    outer loop
      vertex 1.4336 37.2731 1.4
      vertex -1.40641 35.8564 1.4
      vertex -1.40641 37.2731 1.4
    endloop
  endfacet
  facet normal -0 0 -1
    outer loop
      vertex 2.85359 37.8564 1.4
      vertex 1.4336 37.2731 1.4
      vertex 1.4336 37.8564 1.4
    endloop
  endfacet
  facet normal 1 -0 0
    outer loop
      vertex 1.4336 37.2731 1.4
      vertex 1.4336 37.8564 0
      vertex 1.4336 37.8564 1.4
    endloop
  endfacet
  facet normal 1 0 0
    outer loop
      vertex 1.4336 37.8564 0
      vertex 1.4336 37.2731 1.4
      vertex 1.4336 37.2731 0
    endloop
  endfacet
  facet normal 0 -1 0
    outer loop
      vertex -1.40641 37.2731 0
      vertex 1.4336 37.2731 1.4
      vertex -1.40641 37.2731 1.4
    endloop
  endfacet
  facet normal 0 -1 -0
    outer loop
      vertex 1.4336 37.2731 1.4
      vertex -1.40641 37.2731 0
      vertex 1.4336 37.2731 0
    endloop
  endfacet
  facet normal 1 -0 0
    outer loop
      vertex -1.40641 35.8564 1.4
      vertex -1.40641 37.2731 0
      vertex -1.40641 37.2731 1.4
    endloop
  endfacet
  facet normal 1 0 0
    outer loop
      vertex -1.40641 37.2731 0
      vertex -1.40641 35.8564 1.4
      vertex -1.40641 34.4564 0
    endloop
  endfacet
  facet normal -1 0 0
    outer loop
      vertex 5.69359 37.2731 0
      vertex 5.69359 35.8564 1.4
      vertex 5.69359 37.2731 1.4
    endloop
  endfacet
  facet normal -1 0 -0
    outer loop
      vertex 5.69359 35.8564 1.4
      vertex 5.69359 37.2731 0
      vertex 5.69359 34.4564 0
    endloop
  endfacet
  facet normal 0 -1 0
    outer loop
      vertex 2.85359 37.2731 0
      vertex 5.69359 37.2731 1.4
      vertex 2.85359 37.2731 1.4
    endloop
  endfacet
  facet normal 0 -1 -0
    outer loop
      vertex 5.69359 37.2731 1.4
      vertex 2.85359 37.2731 0
      vertex 5.69359 37.2731 0
    endloop
  endfacet
  facet normal -1 0 0
    outer loop
      vertex 2.85359 37.2731 0
      vertex 2.85359 37.8564 1.4
      vertex 2.85359 37.8564 0
    endloop
  endfacet
  facet normal -1 -0 0
    outer loop
      vertex 2.85359 37.8564 1.4
      vertex 2.85359 37.2731 0
      vertex 2.85359 37.2731 1.4
    endloop
  endfacet
  facet normal -6.47025e-06 -0.707108 0.707106
    outer loop
      vertex 6.14359 37.8564 3.40001
      vertex 5.69359 35.8564 1.4
      vertex 6.14359 34.4564 0
    endloop
  endfacet
  facet normal 0 -0.707109 0.707105
    outer loop
      vertex 6.14359 37.8564 3.40001
      vertex -1.40641 35.8564 1.4
      vertex 5.69359 35.8564 1.4
    endloop
  endfacet
  facet normal 0 -0.707109 0.707105
    outer loop
      vertex -1.85641 37.8564 3.40001
      vertex -1.40641 35.8564 1.4
      vertex 6.14359 37.8564 3.40001
    endloop
  endfacet
  facet normal 6.47025e-06 -0.707108 0.707106
    outer loop
      vertex -1.85641 34.4564 0
      vertex -1.40641 35.8564 1.4
      vertex -1.85641 37.8564 3.40001
    endloop
  endfacet
  facet normal 0 -0.707107 0.707107
    outer loop
      vertex -1.40641 35.8564 1.4
      vertex -1.85641 34.4564 0
      vertex -1.40641 34.4564 0
    endloop
  endfacet
  facet normal 0 -0.707107 0.707107
    outer loop
      vertex 6.14359 34.4564 0
      vertex 5.69359 35.8564 1.4
      vertex 5.69359 34.4564 0
    endloop
  endfacet
  facet normal -1 0 0
    outer loop
      vertex 6.14359 34.4564 0
      vertex 6.14359 37.8564 3.5
      vertex 6.14359 37.8564 3.40001
    endloop
  endfacet
  facet normal -1 0 0
    outer loop
      vertex 6.14359 34.3564 2.48698e-07
      vertex 6.14359 34.4564 0
      vertex 6.14359 34.3564 0
    endloop
  endfacet
  facet normal -1 0 0
    outer loop
      vertex 6.14359 34.4564 0
      vertex 6.14359 34.3564 2.48698e-07
      vertex 6.14359 37.8564 3.5
    endloop
  endfacet
  facet normal 1 0 0
    outer loop
      vertex -1.85641 37.8564 3.5
      vertex -1.85641 34.4564 0
      vertex -1.85641 37.8564 3.40001
    endloop
  endfacet
  facet normal 1 -0 0
    outer loop
      vertex -1.85641 34.3564 2.48698e-07
      vertex -1.85641 34.4564 0
      vertex -1.85641 37.8564 3.5
    endloop
  endfacet
  facet normal 1 0 0
    outer loop
      vertex -1.85641 34.4564 0
      vertex -1.85641 34.3564 2.48698e-07
      vertex -1.85641 34.3564 0
    endloop
  endfacet
  facet normal 0 1 -0
    outer loop
      vertex 6.14359 34.3564 0
      vertex -1.85641 34.3564 2.48698e-07
      vertex 6.14359 34.3564 2.48698e-07
    endloop
  endfacet
  facet normal 0 1 0
    outer loop
      vertex -1.85641 34.3564 2.48698e-07
      vertex 6.14359 34.3564 0
      vertex -1.85641 34.3564 0
    endloop
  endfacet
  facet normal -0 0 -1
    outer loop
      vertex -6.34935 33.0026 1.4
      vertex -8.99623 31.2514 1.4
      vertex -7.57623 33.7109 1.4
    endloop
  endfacet
  facet normal -0 0 -1
    outer loop
      vertex -8.99623 31.2514 1.4
      vertex -9.70623 30.0217 1.4
      vertex -9.50141 31.5431 1.4
    endloop
  endfacet
  facet normal 0 0 -1
    outer loop
      vertex -6.34935 33.0026 1.4
      vertex -9.70623 30.0217 1.4
      vertex -8.99623 31.2514 1.4
    endloop
  endfacet
  facet normal 0 0 -1
    outer loop
      vertex -9.89935 26.8538 1.4
      vertex -9.70623 30.0217 1.4
      vertex -6.34935 33.0026 1.4
    endloop
  endfacet
  facet normal 0 0 -1
    outer loop
      vertex -9.70623 30.0217 1.4
      vertex -9.89935 26.8538 1.4
      vertex -11.1262 27.5621 1.4
    endloop
  endfacet
  facet normal 0 0 -1
    outer loop
      vertex -9.50141 31.5431 1.4
      vertex -9.70623 30.0217 1.4
      vertex -10.2114 30.3133 1.4
    endloop
  endfacet
  facet normal 0.499923 0.86607 -0
    outer loop
      vertex -9.70623 30.0217 0
      vertex -10.2114 30.3133 1.4
      vertex -9.70623 30.0217 1.4
    endloop
  endfacet
  facet normal 0.499923 0.86607 0
    outer loop
      vertex -10.2114 30.3133 1.4
      vertex -9.70623 30.0217 0
      vertex -10.2114 30.3133 0
    endloop
  endfacet
  facet normal 0.866038 -0.499979 0
    outer loop
      vertex -11.1262 27.5621 1.4
      vertex -9.70623 30.0217 0
      vertex -9.70623 30.0217 1.4
    endloop
  endfacet
  facet normal 0.866038 -0.499979 0
    outer loop
      vertex -9.70623 30.0217 0
      vertex -11.1262 27.5621 1.4
      vertex -11.1262 27.5621 0
    endloop
  endfacet
  facet normal 0.499993 0.866029 -6.02238e-06
    outer loop
      vertex -11.1262 27.5621 0
      vertex -9.89935 26.8538 1.4
      vertex -8.68691 26.1538 0
    endloop
  endfacet
  facet normal 0.499988 0.866032 0
    outer loop
      vertex -9.89935 26.8538 1.4
      vertex -11.1262 27.5621 0
      vertex -11.1262 27.5621 1.4
    endloop
  endfacet
  facet normal -0.499979 -0.866037 0
    outer loop
      vertex -7.57623 33.7109 0
      vertex -6.34935 33.0026 1.4
      vertex -7.57623 33.7109 1.4
    endloop
  endfacet
  facet normal -0.499989 -0.866032 1.13478e-05
    outer loop
      vertex -6.34935 33.0026 1.4
      vertex -7.57623 33.7109 0
      vertex -5.13691 32.3026 0
    endloop
  endfacet
  facet normal 0.866024 -0.500002 0
    outer loop
      vertex -8.99623 31.2514 1.4
      vertex -7.57623 33.7109 0
      vertex -7.57623 33.7109 1.4
    endloop
  endfacet
  facet normal 0.866024 -0.500002 0
    outer loop
      vertex -7.57623 33.7109 0
      vertex -8.99623 31.2514 1.4
      vertex -8.99623 31.2514 0
    endloop
  endfacet
  facet normal -0.500044 -0.866 0
    outer loop
      vertex -9.50141 31.5431 0
      vertex -8.99623 31.2514 1.4
      vertex -9.50141 31.5431 1.4
    endloop
  endfacet
  facet normal -0.500044 -0.866 -0
    outer loop
      vertex -8.99623 31.2514 1.4
      vertex -9.50141 31.5431 0
      vertex -8.99623 31.2514 0
    endloop
  endfacet
  facet normal 0.612367 -0.353561 0.707108
    outer loop
      vertex -4.91191 32.6923 0
      vertex -6.34935 33.0026 1.4
      vertex -5.13691 32.3026 0
    endloop
  endfacet
  facet normal 0.612365 -0.353565 0.707107
    outer loop
      vertex -7.85641 34.3923 3.40001
      vertex -6.34935 33.0026 1.4
      vertex -4.91191 32.6923 0
    endloop
  endfacet
  facet normal 0.612374 -0.353553 0.707105
    outer loop
      vertex -7.85641 34.3923 3.40001
      vertex -9.89935 26.8538 1.4
      vertex -6.34935 33.0026 1.4
    endloop
  endfacet
  facet normal 0.612373 -0.353553 0.707106
    outer loop
      vertex -9.89935 26.8538 1.4
      vertex -7.85641 34.3923 3.40001
      vertex -11.8564 27.4641 3.40001
    endloop
  endfacet
  facet normal 0.612367 -0.353561 0.707108
    outer loop
      vertex -9.89935 26.8538 1.4
      vertex -8.91191 25.7641 0
      vertex -8.68691 26.1538 0
    endloop
  endfacet
  facet normal 0.612374 -0.353552 0.707106
    outer loop
      vertex -8.91191 25.7641 0
      vertex -9.89935 26.8538 1.4
      vertex -11.8564 27.4641 3.40001
    endloop
  endfacet
  facet normal -0.499999 -0.866026 0
    outer loop
      vertex -7.85641 34.3923 3.40001
      vertex -6.88646 33.8323 2.38
      vertex -7.85641 34.3923 3.5
    endloop
  endfacet
  facet normal -0.500011 -0.866019 -1.47072e-05
    outer loop
      vertex -4.91191 32.6923 0
      vertex -6.88646 33.8323 2.38
      vertex -7.85641 34.3923 3.40001
    endloop
  endfacet
  facet normal -0.500054 -0.865994 -6.26115e-05
    outer loop
      vertex -6.88646 33.8323 2.38
      vertex -4.91191 32.6923 0
      vertex -4.82532 32.6423 4.94291e-07
    endloop
  endfacet
  facet normal -0.500054 -0.865994 -0
    outer loop
      vertex -4.82532 32.6423 4.94291e-07
      vertex -4.91191 32.6923 0
      vertex -4.82532 32.6423 0
    endloop
  endfacet
  facet normal 0.500001 0.866025 0
    outer loop
      vertex -8.94656 25.7841 0.14
      vertex -11.8564 27.4641 3.40001
      vertex -11.8564 27.4641 3.5
    endloop
  endfacet
  facet normal 0.500054 0.865994 5.00054e-05
    outer loop
      vertex -8.91191 25.7641 0
      vertex -8.94656 25.7841 0.14
      vertex -8.82532 25.7141 2.02777e-07
    endloop
  endfacet
  facet normal 0.500054 0.865994 0
    outer loop
      vertex -8.91191 25.7641 0
      vertex -8.82532 25.7141 2.02777e-07
      vertex -8.82532 25.7141 0
    endloop
  endfacet
  facet normal 0.500038 0.866003 4.47094e-05
    outer loop
      vertex -8.94656 25.7841 0.14
      vertex -8.91191 25.7641 0
      vertex -11.8564 27.4641 3.40001
    endloop
  endfacet
  facet normal -0.866025 0.5 0
    outer loop
      vertex -8.82532 25.7141 0
      vertex -4.82532 32.6423 4.94291e-07
      vertex -4.82532 32.6423 0
    endloop
  endfacet
  facet normal -0.866025 0.5 0
    outer loop
      vertex -4.82532 32.6423 4.94291e-07
      vertex -8.82532 25.7141 0
      vertex -8.82532 25.7141 2.02777e-07
    endloop
  endfacet
  facet normal 0 0 -1
    outer loop
      vertex -6.31333 19.645 1.4
      vertex -7.54308 20.355 1.4
      vertex -7.25141 20.8602 1.4
    endloop
  endfacet
  facet normal 0 0 -1
    outer loop
      vertex -6.02166 20.1502 1.4
      vertex -2.85381 19.9571 1.4
      vertex -3.56215 18.7302 1.4
    endloop
  endfacet
  facet normal 0 0 -1
    outer loop
      vertex -7.25141 20.8602 1.4
      vertex -6.02166 20.1502 1.4
      vertex -6.31333 19.645 1.4
    endloop
  endfacet
  facet normal 0 0 -1
    outer loop
      vertex -7.25141 20.8602 1.4
      vertex -2.85381 19.9571 1.4
      vertex -6.02166 20.1502 1.4
    endloop
  endfacet
  facet normal 0 0 -1
    outer loop
      vertex -7.25141 20.8602 1.4
      vertex -9.00259 23.5071 1.4
      vertex -2.85381 19.9571 1.4
    endloop
  endfacet
  facet normal 0 -0 -1
    outer loop
      vertex -9.00259 23.5071 1.4
      vertex -7.25141 20.8602 1.4
      vertex -9.71093 22.2802 1.4
    endloop
  endfacet
  facet normal -0.866031 0.499991 0
    outer loop
      vertex -6.31333 19.645 0
      vertex -6.02166 20.1502 1.4
      vertex -6.02166 20.1502 0
    endloop
  endfacet
  facet normal -0.866031 0.499991 0
    outer loop
      vertex -6.02166 20.1502 1.4
      vertex -6.31333 19.645 0
      vertex -6.31333 19.645 1.4
    endloop
  endfacet
  facet normal 0.5 0.866025 -0
    outer loop
      vertex -3.56215 18.7302 0
      vertex -6.02166 20.1502 1.4
      vertex -3.56215 18.7302 1.4
    endloop
  endfacet
  facet normal 0.5 0.866025 0
    outer loop
      vertex -6.02166 20.1502 1.4
      vertex -3.56215 18.7302 0
      vertex -6.02166 20.1502 0
    endloop
  endfacet
  facet normal -0.866024 0.500003 -9.78462e-06
    outer loop
      vertex -3.56215 18.7302 0
      vertex -2.85381 19.9571 1.4
      vertex -2.15381 21.1695 0
    endloop
  endfacet
  facet normal -0.866029 0.499994 0
    outer loop
      vertex -2.85381 19.9571 1.4
      vertex -3.56215 18.7302 0
      vertex -3.56215 18.7302 1.4
    endloop
  endfacet
  facet normal 0.866029 -0.499994 0
    outer loop
      vertex -9.71093 22.2802 0
      vertex -9.00259 23.5071 1.4
      vertex -9.71093 22.2802 1.4
    endloop
  endfacet
  facet normal 0.866024 -0.500003 9.78462e-06
    outer loop
      vertex -9.00259 23.5071 1.4
      vertex -9.71093 22.2802 0
      vertex -8.30259 24.7195 0
    endloop
  endfacet
  facet normal 0.499999 0.866026 -0
    outer loop
      vertex -7.25141 20.8602 0
      vertex -9.71093 22.2802 1.4
      vertex -7.25141 20.8602 1.4
    endloop
  endfacet
  facet normal 0.499999 0.866026 0
    outer loop
      vertex -9.71093 22.2802 1.4
      vertex -7.25141 20.8602 0
      vertex -9.71093 22.2802 0
    endloop
  endfacet
  facet normal 0.866031 -0.499991 0
    outer loop
      vertex -7.54308 20.355 1.4
      vertex -7.25141 20.8602 0
      vertex -7.25141 20.8602 1.4
    endloop
  endfacet
  facet normal 0.866031 -0.499991 0
    outer loop
      vertex -7.25141 20.8602 0
      vertex -7.54308 20.355 1.4
      vertex -7.54308 20.355 0
    endloop
  endfacet
  facet normal 0.353558 0.612379 0.707099
    outer loop
      vertex -8.6923 24.9445 0
      vertex -9.00259 23.5071 1.4
      vertex -8.30259 24.7195 0
    endloop
  endfacet
  facet normal 0.353511 0.612396 0.707107
    outer loop
      vertex -9.00259 23.5071 1.4
      vertex -8.6923 24.9445 0
      vertex -10.3923 22 3.40001
    endloop
  endfacet
  facet normal 0.353558 0.612379 0.707099
    outer loop
      vertex -2.85381 19.9571 1.4
      vertex -1.7641 20.9445 0
      vertex -2.15381 21.1695 0
    endloop
  endfacet
  facet normal 0.353597 0.612347 0.707107
    outer loop
      vertex -2.85381 19.9571 1.4
      vertex -3.4641 18 3.40001
      vertex -1.7641 20.9445 0
    endloop
  endfacet
  facet normal 0.35355 0.612367 0.707113
    outer loop
      vertex -9.00259 23.5071 1.4
      vertex -3.4641 18 3.40001
      vertex -2.85381 19.9571 1.4
    endloop
  endfacet
  facet normal 0.353551 0.612367 0.707112
    outer loop
      vertex -3.4641 18 3.40001
      vertex -9.00259 23.5071 1.4
      vertex -10.3923 22 3.40001
    endloop
  endfacet
  facet normal 0.866019 -0.500011 -0.000152432
    outer loop
      vertex -8.71231 24.9098 0.14
      vertex -8.6923 24.9445 0
      vertex -8.6423 25.0311 0
    endloop
  endfacet
  facet normal 0.866023 -0.500004 0
    outer loop
      vertex -10.3923 22 3.40001
      vertex -8.71231 24.9098 0.14
      vertex -10.3923 22 3.5
    endloop
  endfacet
  facet normal 0.865923 -0.500178 -0.00020763
    outer loop
      vertex -8.71231 24.9098 0.14
      vertex -10.3923 22 3.40001
      vertex -8.6923 24.9445 0
    endloop
  endfacet
  facet normal -0.866019 0.500011 2.52106e-05
    outer loop
      vertex -1.7641 20.9445 0
      vertex -2.9041 18.9699 2.38
      vertex -1.7141 21.0311 0
    endloop
  endfacet
  facet normal -0.865894 0.500228 0.000264844
    outer loop
      vertex -3.4641 18 3.40001
      vertex -2.9041 18.9699 2.38
      vertex -1.7641 20.9445 0
    endloop
  endfacet
  facet normal -0.866015 0.500019 0
    outer loop
      vertex -2.9041 18.9699 2.38
      vertex -3.4641 18 3.40001
      vertex -3.4641 18 3.5
    endloop
  endfacet
  facet normal 0 0 -1
    outer loop
      vertex 0 7.29 1.4
      vertex 0.583328 8.71 1.4
      vertex 0.583328 7.29 1.4
    endloop
  endfacet
  facet normal -0 0 -1
    outer loop
      vertex 0.583328 8.71 1.4
      vertex 0 7.29 1.4
      vertex 0 8.71 1.4
    endloop
  endfacet
  facet normal 0 0 -1
    outer loop
      vertex 0.583328 7.29 1.4
      vertex 2.00001 4.45 1.4
      vertex 0.583328 4.45 1.4
    endloop
  endfacet
  facet normal 0 0 -1
    outer loop
      vertex 2.00001 4.45 1.4
      vertex 0.583328 7.29 1.4
      vertex 2.00001 11.55 1.4
    endloop
  endfacet
  facet normal 0 0 -1
    outer loop
      vertex 0.583328 8.71 1.4
      vertex 2.00001 11.55 1.4
      vertex 0.583328 7.29 1.4
    endloop
  endfacet
  facet normal -0 0 -1
    outer loop
      vertex 2.00001 11.55 1.4
      vertex 0.583328 8.71 1.4
      vertex 0.583328 11.55 1.4
    endloop
  endfacet
  facet normal 0 1 -0
    outer loop
      vertex 0.583328 7.29 0
      vertex 0 7.29 1.4
      vertex 0.583328 7.29 1.4
    endloop
  endfacet
  facet normal 0 1 0
    outer loop
      vertex 0 7.29 1.4
      vertex 0.583328 7.29 0
      vertex 0 7.29 0
    endloop
  endfacet
  facet normal 1 -0 0
    outer loop
      vertex 0.583328 4.45 1.4
      vertex 0.583328 7.29 0
      vertex 0.583328 7.29 1.4
    endloop
  endfacet
  facet normal 1 0 0
    outer loop
      vertex 0.583328 7.29 0
      vertex 0.583328 4.45 1.4
      vertex 0.583328 4.45 0
    endloop
  endfacet
  facet normal 0 1 0
    outer loop
      vertex 0.583328 4.45 0
      vertex 2.00001 4.45 1.4
      vertex 3.40001 4.45 0
    endloop
  endfacet
  facet normal 0 1 0
    outer loop
      vertex 2.00001 4.45 1.4
      vertex 0.583328 4.45 0
      vertex 0.583328 4.45 1.4
    endloop
  endfacet
  facet normal 0 -1 0
    outer loop
      vertex 0.583328 11.55 0
      vertex 2.00001 11.55 1.4
      vertex 0.583328 11.55 1.4
    endloop
  endfacet
  facet normal 0 -1 -0
    outer loop
      vertex 2.00001 11.55 1.4
      vertex 0.583328 11.55 0
      vertex 3.40001 11.55 0
    endloop
  endfacet
  facet normal 1 -0 0
    outer loop
      vertex 0.583328 8.71 1.4
      vertex 0.583328 11.55 0
      vertex 0.583328 11.55 1.4
    endloop
  endfacet
  facet normal 1 0 0
    outer loop
      vertex 0.583328 11.55 0
      vertex 0.583328 8.71 1.4
      vertex 0.583328 8.71 0
    endloop
  endfacet
  facet normal 0 -1 0
    outer loop
      vertex 0 8.71 0
      vertex 0.583328 8.71 1.4
      vertex 0 8.71 1.4
    endloop
  endfacet
  facet normal 0 -1 -0
    outer loop
      vertex 0.583328 8.71 1.4
      vertex 0 8.71 0
      vertex 0.583328 8.71 0
    endloop
  endfacet
  facet normal 0.707107 0 0.707107
    outer loop
      vertex 0 12 3.40001
      vertex 2.00001 11.55 1.4
      vertex 3.40001 12 0
    endloop
  endfacet
  facet normal 0.707107 0 0.707107
    outer loop
      vertex 0 12 3.40001
      vertex 2.00001 4.45 1.4
      vertex 2.00001 11.55 1.4
    endloop
  endfacet
  facet normal 0.707107 -0 0.707107
    outer loop
      vertex 0 4 3.40001
      vertex 2.00001 4.45 1.4
      vertex 0 12 3.40001
    endloop
  endfacet
  facet normal 0.707107 0 0.707107
    outer loop
      vertex 3.40001 4 0
      vertex 2.00001 4.45 1.4
      vertex 0 4 3.40001
    endloop
  endfacet
  facet normal 0.707107 0 0.707107
    outer loop
      vertex 2.00001 4.45 1.4
      vertex 3.40001 4 0
      vertex 3.40001 4.45 0
    endloop
  endfacet
  facet normal 0.707107 0 0.707107
    outer loop
      vertex 3.40001 12 0
      vertex 2.00001 11.55 1.4
      vertex 3.40001 11.55 0
    endloop
  endfacet
  facet normal 0 -1 0
    outer loop
      vertex 0 12 3.40001
      vertex 1.12 12 2.38
      vertex 0 12 3.5
    endloop
  endfacet
  facet normal 0 -1 0
    outer loop
      vertex 3.40001 12 0
      vertex 1.12 12 2.38
      vertex 0 12 3.40001
    endloop
  endfacet
  facet normal 0 -1 0
    outer loop
      vertex 1.12 12 2.38
      vertex 3.40001 12 0
      vertex 3.5 12 0
    endloop
  endfacet
  facet normal 0 1 0
    outer loop
      vertex 3.36 4 0.14
      vertex 0 4 3.40001
      vertex 0 4 3.5
    endloop
  endfacet
  facet normal 0 1 -0
    outer loop
      vertex 3.40001 4 0
      vertex 3.36 4 0.14
      vertex 3.5 4 0
    endloop
  endfacet
  facet normal 0 1 0
    outer loop
      vertex 3.36 4 0.14
      vertex 3.40001 4 0
      vertex 0 4 3.40001
    endloop
  endfacet
  facet normal 0.353481 0.612257 0.707243
    outer loop
      vertex -8.71231 24.9098 0.14
      vertex -8.6423 25.0311 0
      vertex -9.07532 25.2811 0
    endloop
  endfacet
  facet normal 0.353557 0.612372 0.707106
    outer loop
      vertex -1.7141 21.0311 0
      vertex 0 16 3.5
      vertex 3.5 18.0207 0
    endloop
  endfacet
  facet normal 0.35354 0.612372 0.707114
    outer loop
      vertex 0 16 3.5
      vertex -1.7141 21.0311 0
      vertex -2.9041 18.9699 2.38
    endloop
  endfacet
  facet normal 0.353619 0.61234 0.707102
    outer loop
      vertex -9.07532 25.2811 0
      vertex -10.3923 22 3.5
      vertex -8.71231 24.9098 0.14
    endloop
  endfacet
  facet normal 0.353553 0.612372 0.707107
    outer loop
      vertex -10.3923 22 3.5
      vertex -9.07532 25.2811 0
      vertex -13.8564 24 3.5
    endloop
  endfacet
  facet normal 0.35356 0.612384 0.707094
    outer loop
      vertex 0 16 3.5
      vertex -2.9041 18.9699 2.38
      vertex -3.4641 18 3.5
    endloop
  endfacet
  facet normal -0.5 -0.866025 0
    outer loop
      vertex -13.8564 24 3.5
      vertex -10.3923 22 3.40001
      vertex -10.3923 22 3.5
    endloop
  endfacet
  facet normal -0.5 -0.866025 5.62497e-07
    outer loop
      vertex -10.3923 22 3.40001
      vertex -7.54308 20.355 1.4
      vertex -3.4641 18 3.40001
    endloop
  endfacet
  facet normal -0.5 -0.866025 0
    outer loop
      vertex -13.8564 24 0
      vertex -10.3923 22 3.40001
      vertex -13.8564 24 3.5
    endloop
  endfacet
  facet normal -0.5 -0.866025 1.81554e-07
    outer loop
      vertex -7.54308 20.355 0
      vertex -10.3923 22 3.40001
      vertex -13.8564 24 0
    endloop
  endfacet
  facet normal -0.5 -0.866025 0
    outer loop
      vertex -10.3923 22 3.40001
      vertex -7.54308 20.355 0
      vertex -7.54308 20.355 1.4
    endloop
  endfacet
  facet normal -0.5 -0.866025 0
    outer loop
      vertex -3.4641 18 3.40001
      vertex 0 16 3.5
      vertex -3.4641 18 3.5
    endloop
  endfacet
  facet normal -0.500002 -0.866024 5.12323e-06
    outer loop
      vertex -6.31333 19.645 1.4
      vertex -3.4641 18 3.40001
      vertex -7.54308 20.355 1.4
    endloop
  endfacet
  facet normal -0.499999 -0.866026 0
    outer loop
      vertex -6.31333 19.645 0
      vertex -3.4641 18 3.40001
      vertex -6.31333 19.645 1.4
    endloop
  endfacet
  facet normal -0.5 -0.866026 6.25351e-07
    outer loop
      vertex -3.4641 18 3.40001
      vertex -6.31333 19.645 0
      vertex 0 16 0
    endloop
  endfacet
  facet normal -0.5 -0.866025 0
    outer loop
      vertex -3.4641 18 3.40001
      vertex 0 16 0
      vertex 0 16 3.5
    endloop
  endfacet
  facet normal 0.612372 -0.353553 0.707107
    outer loop
      vertex -6.88646 33.8323 2.38
      vertex -3.83568 34.3564 0
      vertex -5.85641 37.8564 3.5
    endloop
  endfacet
  facet normal 0.612374 -0.353565 0.7071
    outer loop
      vertex -8.82532 25.7141 2.02777e-07
      vertex -8.94656 25.7841 0.14
      vertex -9.07532 25.2811 0
    endloop
  endfacet
  facet normal -0.612372 0.353554 -0.707107
    outer loop
      vertex -6.88646 33.8323 2.38
      vertex -4.82532 32.6423 4.94291e-07
      vertex -8.82532 25.7141 2.02777e-07
    endloop
  endfacet
  facet normal 0.0302093 -0.0174414 -0.999391
    outer loop
      vertex -8.82532 25.7141 2.02777e-07
      vertex -9.07532 25.2811 0
      vertex -3.83568 34.3564 0
    endloop
  endfacet
  facet normal 0.612372 -0.353554 0.707107
    outer loop
      vertex -6.88646 33.8323 2.38
      vertex -8.82532 25.7141 2.02777e-07
      vertex -3.83568 34.3564 0
    endloop
  endfacet
  facet normal 0.612366 -0.353565 0.707106
    outer loop
      vertex -11.8564 27.4641 3.5
      vertex -9.07532 25.2811 0
      vertex -8.94656 25.7841 0.14
    endloop
  endfacet
  facet normal 0.612374 -0.353554 0.707105
    outer loop
      vertex -9.07532 25.2811 0
      vertex -11.8564 27.4641 3.5
      vertex -13.8564 24 3.5
    endloop
  endfacet
  facet normal 0.612372 -0.353553 0.707107
    outer loop
      vertex -6.88646 33.8323 2.38
      vertex -5.85641 37.8564 3.5
      vertex -7.85641 34.3923 3.5
    endloop
  endfacet
  facet normal -0.866024 0.500003 0
    outer loop
      vertex -10.2114 30.3133 0
      vertex -11.8564 27.4641 3.40001
      vertex -10.2114 30.3133 1.4
    endloop
  endfacet
  facet normal -0.866025 0.500001 -1.79537e-06
    outer loop
      vertex -13.8564 24 0
      vertex -11.8564 27.4641 3.40001
      vertex -10.2114 30.3133 0
    endloop
  endfacet
  facet normal -0.866025 0.5 0
    outer loop
      vertex -13.8564 24 3.5
      vertex -11.8564 27.4641 3.40001
      vertex -13.8564 24 0
    endloop
  endfacet
  facet normal -0.866025 0.5 0
    outer loop
      vertex -11.8564 27.4641 3.40001
      vertex -13.8564 24 3.5
      vertex -11.8564 27.4641 3.5
    endloop
  endfacet
  facet normal -0.866025 0.5 0
    outer loop
      vertex -5.85641 37.8564 0
      vertex -7.85641 34.3923 3.40001
      vertex -5.85641 37.8564 3.5
    endloop
  endfacet
  facet normal -0.866025 0.500001 1.79537e-06
    outer loop
      vertex -9.50141 31.5431 0
      vertex -7.85641 34.3923 3.40001
      vertex -5.85641 37.8564 0
    endloop
  endfacet
  facet normal -0.866024 0.500003 0
    outer loop
      vertex -9.50141 31.5431 1.4
      vertex -7.85641 34.3923 3.40001
      vertex -9.50141 31.5431 0
    endloop
  endfacet
  facet normal -0.866036 0.499981 4.13693e-05
    outer loop
      vertex -10.2114 30.3133 1.4
      vertex -7.85641 34.3923 3.40001
      vertex -9.50141 31.5431 1.4
    endloop
  endfacet
  facet normal -0.866026 0.499999 -7.34322e-06
    outer loop
      vertex -7.85641 34.3923 3.40001
      vertex -10.2114 30.3133 1.4
      vertex -11.8564 27.4641 3.40001
    endloop
  endfacet
  facet normal -0.866025 0.5 0
    outer loop
      vertex -5.85641 37.8564 3.5
      vertex -7.85641 34.3923 3.40001
      vertex -7.85641 34.3923 3.5
    endloop
  endfacet
  facet normal 0 -0.707107 0.707107
    outer loop
      vertex -3.83568 34.3564 0
      vertex -1.85641 37.8564 3.5
      vertex -5.85641 37.8564 3.5
    endloop
  endfacet
  facet normal 0 -1 -0
    outer loop
      vertex -1.85641 34.3564 2.48698e-07
      vertex -3.83568 34.3564 0
      vertex 6.14359 34.3564 2.48698e-07
    endloop
  endfacet
  facet normal -8.88489e-08 -0.707107 0.707107
    outer loop
      vertex -1.85641 37.8564 3.5
      vertex -3.83568 34.3564 0
      vertex -1.85641 34.3564 2.48698e-07
    endloop
  endfacet
  facet normal 0 -0.707107 0.707107
    outer loop
      vertex 6.14359 34.3564 2.48698e-07
      vertex 10.1436 37.8564 3.5
      vertex 6.14359 37.8564 3.5
    endloop
  endfacet
  facet normal 2.34474e-08 -0.707107 0.707107
    outer loop
      vertex 6.14359 34.3564 2.48698e-07
      vertex 13.6436 34.3564 0
      vertex 10.1436 37.8564 3.5
    endloop
  endfacet
  facet normal 0 -1 0
    outer loop
      vertex 13.6436 34.3564 0
      vertex 6.14359 34.3564 2.48698e-07
      vertex -3.83568 34.3564 0
    endloop
  endfacet
  facet normal 0 1 0
    outer loop
      vertex 10.1436 37.8564 3.5
      vertex 6.14359 37.8564 3.40001
      vertex 6.14359 37.8564 3.5
    endloop
  endfacet
  facet normal 0 1 0
    outer loop
      vertex 6.14359 37.8564 3.40001
      vertex 2.85359 37.8564 1.4
      vertex -1.85641 37.8564 3.40001
    endloop
  endfacet
  facet normal 0 1 -0
    outer loop
      vertex 10.1436 37.8564 0
      vertex 6.14359 37.8564 3.40001
      vertex 10.1436 37.8564 3.5
    endloop
  endfacet
  facet normal 0 1 0
    outer loop
      vertex 2.85359 37.8564 0
      vertex 6.14359 37.8564 3.40001
      vertex 10.1436 37.8564 0
    endloop
  endfacet
  facet normal 0 1 0
    outer loop
      vertex 6.14359 37.8564 3.40001
      vertex 2.85359 37.8564 0
      vertex 2.85359 37.8564 1.4
    endloop
  endfacet
  facet normal 0 1 -0
    outer loop
      vertex -1.85641 37.8564 3.40001
      vertex -5.85641 37.8564 3.5
      vertex -1.85641 37.8564 3.5
    endloop
  endfacet
  facet normal 0 1 -0
    outer loop
      vertex 1.4336 37.8564 1.4
      vertex -1.85641 37.8564 3.40001
      vertex 2.85359 37.8564 1.4
    endloop
  endfacet
  facet normal 0 1 -0
    outer loop
      vertex 1.4336 37.8564 0
      vertex -1.85641 37.8564 3.40001
      vertex 1.4336 37.8564 1.4
    endloop
  endfacet
  facet normal 0 1 0
    outer loop
      vertex -1.85641 37.8564 3.40001
      vertex 1.4336 37.8564 0
      vertex -5.85641 37.8564 0
    endloop
  endfacet
  facet normal 0 1 0
    outer loop
      vertex -1.85641 37.8564 3.40001
      vertex -5.85641 37.8564 0
      vertex -5.85641 37.8564 3.5
    endloop
  endfacet
  facet normal 0.707107 -0 0.707107
    outer loop
      vertex 10.1436 37.8564 3.5
      vertex 13.6436 41.8564 0
      vertex 10.1436 41.8564 3.5
    endloop
  endfacet
  facet normal 0.707107 0 0.707107
    outer loop
      vertex 13.6436 41.8564 0
      vertex 10.1436 37.8564 3.5
      vertex 13.6436 34.3564 0
    endloop
  endfacet
  facet normal 0.707107 -0 0.707107
    outer loop
      vertex 10.1436 49.8564 3.5
      vertex 13.6436 51.8357 0
      vertex 10.1436 53.8564 3.5
    endloop
  endfacet
  facet normal 0.707107 0 0.707107
    outer loop
      vertex 13.6436 51.8357 0
      vertex 10.1436 49.8564 3.5
      vertex 13.6436 49.8564 0
    endloop
  endfacet
  facet normal -1 0 0
    outer loop
      vertex 10.1436 45.1464 0
      vertex 10.1436 41.8564 3.40001
      vertex 10.1436 45.1464 1.4
    endloop
  endfacet
  facet normal -1 0 0
    outer loop
      vertex 10.1436 37.8564 0
      vertex 10.1436 41.8564 3.40001
      vertex 10.1436 45.1464 0
    endloop
  endfacet
  facet normal -1 0 0
    outer loop
      vertex 10.1436 37.8564 3.5
      vertex 10.1436 41.8564 3.40001
      vertex 10.1436 37.8564 0
    endloop
  endfacet
  facet normal -1 0 0
    outer loop
      vertex 10.1436 41.8564 3.40001
      vertex 10.1436 37.8564 3.5
      vertex 10.1436 41.8564 3.5
    endloop
  endfacet
  facet normal -1 0 0
    outer loop
      vertex 10.1436 53.8564 0
      vertex 10.1436 49.8564 3.40001
      vertex 10.1436 53.8564 3.5
    endloop
  endfacet
  facet normal -1 0 0
    outer loop
      vertex 10.1436 46.5664 0
      vertex 10.1436 49.8564 3.40001
      vertex 10.1436 53.8564 0
    endloop
  endfacet
  facet normal -1 0 0
    outer loop
      vertex 10.1436 46.5664 1.4
      vertex 10.1436 49.8564 3.40001
      vertex 10.1436 46.5664 0
    endloop
  endfacet
  facet normal -1 0 0
    outer loop
      vertex 10.1436 45.1464 1.4
      vertex 10.1436 49.8564 3.40001
      vertex 10.1436 46.5664 1.4
    endloop
  endfacet
  facet normal -1 -0 0
    outer loop
      vertex 10.1436 49.8564 3.40001
      vertex 10.1436 45.1464 1.4
      vertex 10.1436 41.8564 3.40001
    endloop
  endfacet
  facet normal -1 -0 0
    outer loop
      vertex 10.1436 53.8564 3.5
      vertex 10.1436 49.8564 3.40001
      vertex 10.1436 49.8564 3.5
    endloop
  endfacet
  facet normal 0.000524892 -0.000909155 -0.999999
    outer loop
      vertex 15.3577 52.8253 1.74537e-08
      vertex 13.6436 51.8357 0
      vertex 15.7725 53.0648 0
    endloop
  endfacet
  facet normal 0.35354 -0.612371 0.707114
    outer loop
      vertex 14.1677 54.8865 2.38
      vertex 13.6436 51.8357 0
      vertex 15.3577 52.8253 1.74537e-08
    endloop
  endfacet
  facet normal 0.35356 -0.612369 0.707107
    outer loop
      vertex 13.6436 51.8357 0
      vertex 14.1677 54.8865 2.38
      vertex 10.1436 53.8564 3.5
    endloop
  endfacet
  facet normal 0.353499 -0.612261 0.70723
    outer loop
      vertex 22.2859 56.8253 0
      vertex 22.7189 57.0753 0
      vertex 22.2159 56.9466 0.14
    endloop
  endfacet
  facet normal 0.35356 -0.612384 0.707094
    outer loop
      vertex 14.1677 54.8865 2.38
      vertex 13.6077 55.8564 3.5
      vertex 10.1436 53.8564 3.5
    endloop
  endfacet
  facet normal 0.353553 -0.612372 0.707107
    outer loop
      vertex 20.5359 59.8564 3.5
      vertex 22.7189 57.0753 0
      vertex 24 61.8564 3.5
    endloop
  endfacet
  facet normal 0.353501 -0.612407 0.707103
    outer loop
      vertex 22.7189 57.0753 0
      vertex 20.5359 59.8564 3.5
      vertex 22.2159 56.9466 0.14
    endloop
  endfacet
  facet normal -0.5 0.866025 0
    outer loop
      vertex 24 61.8564 3.5
      vertex 20.5359 59.8564 3.40001
      vertex 20.5359 59.8564 3.5
    endloop
  endfacet
  facet normal -0.5 0.866025 -5.56247e-06
    outer loop
      vertex 20.5359 59.8564 3.40001
      vertex 17.6867 58.2114 1.4
      vertex 13.6077 55.8564 3.40001
    endloop
  endfacet
  facet normal -0.5 0.866025 0
    outer loop
      vertex 24 61.8564 0
      vertex 20.5359 59.8564 3.40001
      vertex 24 61.8564 3.5
    endloop
  endfacet
  facet normal -0.500001 0.866025 -1.79537e-06
    outer loop
      vertex 17.6867 58.2114 0
      vertex 20.5359 59.8564 3.40001
      vertex 24 61.8564 0
    endloop
  endfacet
  facet normal -0.500003 0.866024 0
    outer loop
      vertex 20.5359 59.8564 3.40001
      vertex 17.6867 58.2114 0
      vertex 17.6867 58.2114 1.4
    endloop
  endfacet
  facet normal -0.5 0.866025 0
    outer loop
      vertex 13.6077 55.8564 3.40001
      vertex 10.1436 53.8564 3.5
      vertex 13.6077 55.8564 3.5
    endloop
  endfacet
  facet normal -0.499987 0.866033 3.1337e-05
    outer loop
      vertex 16.4569 57.5014 1.4
      vertex 13.6077 55.8564 3.40001
      vertex 17.6867 58.2114 1.4
    endloop
  endfacet
  facet normal -0.500003 0.866024 0
    outer loop
      vertex 16.4569 57.5014 0
      vertex 13.6077 55.8564 3.40001
      vertex 16.4569 57.5014 1.4
    endloop
  endfacet
  facet normal -0.500001 0.866025 1.79537e-06
    outer loop
      vertex 13.6077 55.8564 3.40001
      vertex 16.4569 57.5014 0
      vertex 10.1436 53.8564 0
    endloop
  endfacet
  facet normal -0.5 0.866025 0
    outer loop
      vertex 13.6077 55.8564 3.40001
      vertex 10.1436 53.8564 0
      vertex 10.1436 53.8564 3.5
    endloop
  endfacet
  facet normal -0.61226 -0.353497 0.707232
    outer loop
      vertex 23.0902 56.7123 0.14
      vertex 22.7189 57.0753 0
      vertex 22.9689 56.6423 8.17009e-07
    endloop
  endfacet
  facet normal -0.612372 -0.35354 0.707114
    outer loop
      vertex 29.0301 50.9041 2.38
      vertex 27.9585 48 0
      vertex 32 48 3.5
    endloop
  endfacet
  facet normal -0.612371 -0.35354 0.707115
    outer loop
      vertex 27.9585 48 0
      vertex 29.0301 50.9041 2.38
      vertex 26.9689 49.7141 5.25496e-07
    endloop
  endfacet
  facet normal -0.0124003 -0.00715934 0.999897
    outer loop
      vertex 27.9585 48 0
      vertex 26.9689 49.7141 5.25496e-07
      vertex 22.9689 56.6423 8.17009e-07
    endloop
  endfacet
  facet normal -0.0942527 -0.0544165 0.99406
    outer loop
      vertex 22.9689 56.6423 8.17009e-07
      vertex 22.7189 57.0753 0
      vertex 27.9585 48 0
    endloop
  endfacet
  facet normal -0.612371 -0.353553 0.707108
    outer loop
      vertex 22.7189 57.0753 0
      vertex 26 58.3923 3.5
      vertex 24 61.8564 3.5
    endloop
  endfacet
  facet normal -0.612336 -0.353625 0.707103
    outer loop
      vertex 26 58.3923 3.5
      vertex 22.7189 57.0753 0
      vertex 23.0902 56.7123 0.14
    endloop
  endfacet
  facet normal -0.612384 -0.35356 0.707094
    outer loop
      vertex 32 48 3.5
      vertex 30 51.4641 3.5
      vertex 29.0301 50.9041 2.38
    endloop
  endfacet
  facet normal 0.866025 0.5 0
    outer loop
      vertex 30 51.4641 3.5
      vertex 32 48 3.5
      vertex 30 51.4641 3.40001
    endloop
  endfacet
  facet normal 0.866033 0.499987 3.1337e-05
    outer loop
      vertex 26 58.3923 3.40001
      vertex 28.355 54.3133 1.4
      vertex 27.645 55.5431 1.4
    endloop
  endfacet
  facet normal 0.866025 0.5 -5.56247e-06
    outer loop
      vertex 30 51.4641 3.40001
      vertex 28.355 54.3133 1.4
      vertex 26 58.3923 3.40001
    endloop
  endfacet
  facet normal 0.866024 0.500003 0
    outer loop
      vertex 30 51.4641 3.40001
      vertex 28.355 54.3133 0
      vertex 28.355 54.3133 1.4
    endloop
  endfacet
  facet normal 0.866025 0.5 -0
    outer loop
      vertex 32 48 0
      vertex 30 51.4641 3.40001
      vertex 32 48 3.5
    endloop
  endfacet
  facet normal 0.866025 0.500001 -1.79537e-06
    outer loop
      vertex 30 51.4641 3.40001
      vertex 32 48 0
      vertex 28.355 54.3133 0
    endloop
  endfacet
  facet normal 0.866025 0.5 -0
    outer loop
      vertex 26 58.3923 3.40001
      vertex 24 61.8564 3.5
      vertex 26 58.3923 3.5
    endloop
  endfacet
  facet normal 0.866025 0.5 0
    outer loop
      vertex 24 61.8564 3.5
      vertex 26 58.3923 3.40001
      vertex 24 61.8564 0
    endloop
  endfacet
  facet normal 0.866024 0.500003 -0
    outer loop
      vertex 27.645 55.5431 0
      vertex 26 58.3923 3.40001
      vertex 27.645 55.5431 1.4
    endloop
  endfacet
  facet normal 0.866025 0.500001 1.79537e-06
    outer loop
      vertex 26 58.3923 3.40001
      vertex 27.645 55.5431 0
      vertex 24 61.8564 0
    endloop
  endfacet
  facet normal -0.612364 0.353557 0.707112
    outer loop
      vertex 24 34.1436 3.5
      vertex 25.1327 38.1084 2.49852
      vertex 22.9689 39.3577 4.4722e-07
    endloop
  endfacet
  facet normal -0.612372 0.353553 0.707107
    outer loop
      vertex 19.2189 32.8625 0
      vertex 24 34.1436 3.5
      vertex 22.9689 39.3577 4.4722e-07
    endloop
  endfacet
  facet normal -0.0386284 0.022302 0.999005
    outer loop
      vertex 27.9585 48 0
      vertex 19.2189 32.8625 0
      vertex 22.9689 39.3577 4.4722e-07
    endloop
  endfacet
  facet normal -0.0124002 0.00715928 0.999897
    outer loop
      vertex 27.9585 48 0
      vertex 22.9689 39.3577 4.4722e-07
      vertex 26.9689 46.2859 4.52152e-07
    endloop
  endfacet
  facet normal -0.612349 0.353527 0.70714
    outer loop
      vertex 27.9585 48 0
      vertex 26.9689 46.2859 4.52152e-07
      vertex 27.3981 46.0381 0.495552
    endloop
  endfacet
  facet normal -0.612369 0.353551 0.707111
    outer loop
      vertex 27.9585 48 0
      vertex 30 44.5359 3.5
      vertex 32 48 3.5
    endloop
  endfacet
  facet normal -0.612391 0.35353 0.707102
    outer loop
      vertex 30 44.5359 3.5
      vertex 27.9585 48 0
      vertex 27.3981 46.0381 0.495552
    endloop
  endfacet
  facet normal -0.61238 0.353558 0.707098
    outer loop
      vertex 26 37.6077 3.5
      vertex 25.1327 38.1084 2.49852
      vertex 24 34.1436 3.5
    endloop
  endfacet
  facet normal 0.866025 -0.5 0
    outer loop
      vertex 26 37.6077 3.5
      vertex 24 34.1436 3.5
      vertex 26 37.6077 3.40001
    endloop
  endfacet
  facet normal 0.866033 -0.499987 -3.1337e-05
    outer loop
      vertex 30 44.5359 3.40001
      vertex 27.645 40.4569 1.4
      vertex 28.355 41.6867 1.4
    endloop
  endfacet
  facet normal 0.866025 -0.5 5.56247e-06
    outer loop
      vertex 26 37.6077 3.40001
      vertex 27.645 40.4569 1.4
      vertex 30 44.5359 3.40001
    endloop
  endfacet
  facet normal 0.866024 -0.500003 0
    outer loop
      vertex 26 37.6077 3.40001
      vertex 27.645 40.4569 0
      vertex 27.645 40.4569 1.4
    endloop
  endfacet
  facet normal 0.866025 -0.5 0
    outer loop
      vertex 24 34.1436 0
      vertex 26 37.6077 3.40001
      vertex 24 34.1436 3.5
    endloop
  endfacet
  facet normal 0.866025 -0.500001 1.79537e-06
    outer loop
      vertex 26 37.6077 3.40001
      vertex 24 34.1436 0
      vertex 27.645 40.4569 0
    endloop
  endfacet
  facet normal 0.866025 -0.5 0
    outer loop
      vertex 30 44.5359 3.40001
      vertex 32 48 3.5
      vertex 30 44.5359 3.5
    endloop
  endfacet
  facet normal 0.866025 -0.5 0
    outer loop
      vertex 32 48 3.5
      vertex 30 44.5359 3.40001
      vertex 32 48 0
    endloop
  endfacet
  facet normal 0.866024 -0.500003 0
    outer loop
      vertex 28.355 41.6867 0
      vertex 30 44.5359 3.40001
      vertex 28.355 41.6867 1.4
    endloop
  endfacet
  facet normal 0.866025 -0.500001 -1.79537e-06
    outer loop
      vertex 30 44.5359 3.40001
      vertex 28.355 41.6867 0
      vertex 32 48 0
    endloop
  endfacet
  facet normal -0.353545 -0.612372 0.707112
    outer loop
      vertex 26.9634 31.2763 2.49852
      vertex 24 34.1436 3.5
      vertex 25.7141 29.1125 6.13335e-07
    endloop
  endfacet
  facet normal -0.353527 -0.612349 0.70714
    outer loop
      vertex 34.3564 24.1229 0
      vertex 32.8901 25.5417 0.495552
      vertex 32.6423 25.1125 2.30399e-07
    endloop
  endfacet
  facet normal -0.353552 -0.612371 0.707108
    outer loop
      vertex 19.2189 32.8625 0
      vertex 25.7141 29.1125 6.13335e-07
      vertex 24 34.1436 3.5
    endloop
  endfacet
  facet normal -0.0768624 -0.13313 0.988114
    outer loop
      vertex 32.6423 25.1125 2.30399e-07
      vertex 25.7141 29.1125 6.13335e-07
      vertex 19.2189 32.8625 0
    endloop
  endfacet
  facet normal -0.00420922 -0.00729062 -0.999965
    outer loop
      vertex 34.3564 24.1229 0
      vertex 32.6423 25.1125 2.30399e-07
      vertex 19.2189 32.8625 0
    endloop
  endfacet
  facet normal -0.353558 -0.61238 0.707098
    outer loop
      vertex 26.9634 31.2763 2.49852
      vertex 27.4641 32.1436 3.5
      vertex 24 34.1436 3.5
    endloop
  endfacet
  facet normal -0.353555 -0.612374 0.707105
    outer loop
      vertex 34.3923 28.1436 3.5
      vertex 34.3564 24.1229 0
      vertex 37.8564 26.1436 3.5
    endloop
  endfacet
  facet normal -0.353562 -0.612372 0.707102
    outer loop
      vertex 34.3564 24.1229 0
      vertex 34.3923 28.1436 3.5
      vertex 32.8901 25.5417 0.495552
    endloop
  endfacet
  facet normal 0.5 0.866025 0
    outer loop
      vertex 37.8564 26.1436 3.5
      vertex 34.3923 28.1436 3.40001
      vertex 34.3923 28.1436 3.5
    endloop
  endfacet
  facet normal 0.5 0.866025 5.56247e-06
    outer loop
      vertex 34.3923 28.1436 3.40001
      vertex 31.5431 29.7886 1.4
      vertex 27.4641 32.1436 3.40001
    endloop
  endfacet
  facet normal 0.5 0.866025 -0
    outer loop
      vertex 37.8564 26.1436 0
      vertex 34.3923 28.1436 3.40001
      vertex 37.8564 26.1436 3.5
    endloop
  endfacet
  facet normal 0.500001 0.866025 1.79537e-06
    outer loop
      vertex 31.5431 29.7886 0
      vertex 34.3923 28.1436 3.40001
      vertex 37.8564 26.1436 0
    endloop
  endfacet
  facet normal 0.500003 0.866024 0
    outer loop
      vertex 34.3923 28.1436 3.40001
      vertex 31.5431 29.7886 0
      vertex 31.5431 29.7886 1.4
    endloop
  endfacet
  facet normal 0.5 0.866025 -0
    outer loop
      vertex 27.4641 32.1436 3.40001
      vertex 24 34.1436 3.5
      vertex 27.4641 32.1436 3.5
    endloop
  endfacet
  facet normal 0.499987 0.866033 -3.1337e-05
    outer loop
      vertex 30.3133 30.4986 1.4
      vertex 27.4641 32.1436 3.40001
      vertex 31.5431 29.7886 1.4
    endloop
  endfacet
  facet normal 0.500003 0.866024 -0
    outer loop
      vertex 30.3133 30.4986 0
      vertex 27.4641 32.1436 3.40001
      vertex 30.3133 30.4986 1.4
    endloop
  endfacet
  facet normal 0.500001 0.866025 -1.79537e-06
    outer loop
      vertex 27.4641 32.1436 3.40001
      vertex 30.3133 30.4986 0
      vertex 24 34.1436 0
    endloop
  endfacet
  facet normal 0.5 0.866025 0
    outer loop
      vertex 27.4641 32.1436 3.40001
      vertex 24 34.1436 0
      vertex 24 34.1436 3.5
    endloop
  endfacet
  facet normal -1 0 0
    outer loop
      vertex 34.3564 24.1229 0
      vertex 34.3564 14.1436 2.48698e-07
      vertex 34.3564 22.1436 2.48698e-07
    endloop
  endfacet
  facet normal -0.707107 0 0.707107
    outer loop
      vertex 34.3564 14.1436 2.48698e-07
      vertex 34.3564 6.14359 2.48698e-07
      vertex 37.8564 14.1436 3.5
    endloop
  endfacet
  facet normal -1 0 0
    outer loop
      vertex 34.3564 24.1229 0
      vertex 34.3564 6.14359 2.48698e-07
      vertex 34.3564 14.1436 2.48698e-07
    endloop
  endfacet
  facet normal -1 0 0
    outer loop
      vertex 34.3564 24.1229 0
      vertex 34.3564 -1.85641 2.48698e-07
      vertex 34.3564 6.14359 2.48698e-07
    endloop
  endfacet
  facet normal -1 0 0
    outer loop
      vertex 34.3564 -3.83568 0
      vertex 34.3564 -1.85641 2.48698e-07
      vertex 34.3564 24.1229 0
    endloop
  endfacet
  facet normal -0.707107 -8.88489e-08 0.707107
    outer loop
      vertex 34.3564 -3.83568 0
      vertex 37.8564 -1.85641 3.5
      vertex 34.3564 -1.85641 2.48698e-07
    endloop
  endfacet
  facet normal -0.707107 0 0.707107
    outer loop
      vertex 37.8564 -1.85641 3.5
      vertex 34.3564 -3.83568 0
      vertex 37.8564 -5.85641 3.5
    endloop
  endfacet
  facet normal -0.707107 8.88476e-08 0.707107
    outer loop
      vertex 37.8564 22.1436 3.5
      vertex 34.3564 24.1229 0
      vertex 34.3564 22.1436 2.48698e-07
    endloop
  endfacet
  facet normal -0.707107 0 0.707107
    outer loop
      vertex 34.3564 24.1229 0
      vertex 37.8564 22.1436 3.5
      vertex 37.8564 26.1436 3.5
    endloop
  endfacet
  facet normal -0.707107 0 0.707107
    outer loop
      vertex 37.8564 14.1436 3.5
      vertex 34.3564 6.14359 2.48698e-07
      vertex 37.8564 6.14359 3.5
    endloop
  endfacet
  facet normal 1 0 0
    outer loop
      vertex 37.8564 -1.85641 3.5
      vertex 37.8564 -5.85641 3.5
      vertex 37.8564 -1.85641 3.40001
    endloop
  endfacet
  facet normal 1 0 0
    outer loop
      vertex 37.8564 14.1436 3.5
      vertex 37.8564 6.14359 3.5
      vertex 37.8564 14.1436 3.40001
    endloop
  endfacet
  facet normal 1 0 0
    outer loop
      vertex 37.8564 22.1436 3.40001
      vertex 37.8564 17.4336 1.4
      vertex 37.8564 18.8536 1.4
    endloop
  endfacet
  facet normal 1 -0 0
    outer loop
      vertex 37.8564 14.1436 3.40001
      vertex 37.8564 17.4336 1.4
      vertex 37.8564 22.1436 3.40001
    endloop
  endfacet
  facet normal 1 0 0
    outer loop
      vertex 37.8564 14.1436 3.40001
      vertex 37.8564 17.4336 0
      vertex 37.8564 17.4336 1.4
    endloop
  endfacet
  facet normal 1 0 0
    outer loop
      vertex 37.8564 6.14359 3.40001
      vertex 37.8564 14.1436 3.40001
      vertex 37.8564 6.14359 3.5
    endloop
  endfacet
  facet normal 1 0 0
    outer loop
      vertex 37.8564 14.1436 3.40001
      vertex 37.8564 6.14359 3.40001
      vertex 37.8564 17.4336 0
    endloop
  endfacet
  facet normal 1 0 0
    outer loop
      vertex 37.8564 2.85359 0
      vertex 37.8564 6.14359 3.40001
      vertex 37.8564 2.85359 1.4
    endloop
  endfacet
  facet normal 1 0 0
    outer loop
      vertex 37.8564 6.14359 3.40001
      vertex 37.8564 2.85359 0
      vertex 37.8564 17.4336 0
    endloop
  endfacet
  facet normal 1 0 0
    outer loop
      vertex 37.8564 22.1436 3.40001
      vertex 37.8564 26.1436 3.5
      vertex 37.8564 22.1436 3.5
    endloop
  endfacet
  facet normal 1 0 0
    outer loop
      vertex 37.8564 26.1436 3.5
      vertex 37.8564 22.1436 3.40001
      vertex 37.8564 26.1436 0
    endloop
  endfacet
  facet normal 1 0 0
    outer loop
      vertex 37.8564 18.8536 0
      vertex 37.8564 22.1436 3.40001
      vertex 37.8564 18.8536 1.4
    endloop
  endfacet
  facet normal 1 0 0
    outer loop
      vertex 37.8564 22.1436 3.40001
      vertex 37.8564 18.8536 0
      vertex 37.8564 26.1436 0
    endloop
  endfacet
  facet normal 1 0 0
    outer loop
      vertex 37.8564 6.14359 3.40001
      vertex 37.8564 1.4336 1.4
      vertex 37.8564 2.85359 1.4
    endloop
  endfacet
  facet normal 1 -0 0
    outer loop
      vertex 37.8564 -1.85641 3.40001
      vertex 37.8564 1.4336 1.4
      vertex 37.8564 6.14359 3.40001
    endloop
  endfacet
  facet normal 1 0 0
    outer loop
      vertex 37.8564 -1.85641 3.40001
      vertex 37.8564 1.4336 0
      vertex 37.8564 1.4336 1.4
    endloop
  endfacet
  facet normal 1 0 0
    outer loop
      vertex 37.8564 -5.85641 0
      vertex 37.8564 -1.85641 3.40001
      vertex 37.8564 -5.85641 3.5
    endloop
  endfacet
  facet normal 1 0 0
    outer loop
      vertex 37.8564 -1.85641 3.40001
      vertex 37.8564 -5.85641 0
      vertex 37.8564 1.4336 0
    endloop
  endfacet
  facet normal -0.353553 0.612372 0.707107
    outer loop
      vertex 34.3564 -3.83568 0
      vertex 33.8323 -6.88646 2.38
      vertex 37.8564 -5.85641 3.5
    endloop
  endfacet
  facet normal -0.353554 0.612372 0.707107
    outer loop
      vertex 33.8323 -6.88646 2.38
      vertex 34.3564 -3.83568 0
      vertex 32.6423 -4.82532 4.94291e-07
    endloop
  endfacet
  facet normal -0.353565 0.612374 0.7071
    outer loop
      vertex 25.7841 -8.94656 0.14
      vertex 25.7141 -8.82532 2.02777e-07
      vertex 25.2811 -9.07532 0
    endloop
  endfacet
  facet normal -0.185467 0.321238 0.928659
    outer loop
      vertex 32.6423 -4.82532 4.94291e-07
      vertex 34.3564 -3.83568 0
      vertex 25.2811 -9.07532 0
    endloop
  endfacet
  facet normal -0.0147582 0.0255619 -0.999564
    outer loop
      vertex 25.2811 -9.07532 0
      vertex 25.7141 -8.82532 2.02777e-07
      vertex 32.6423 -4.82532 4.94291e-07
    endloop
  endfacet
  facet normal -0.353553 0.612372 0.707107
    outer loop
      vertex 34.3923 -7.85641 3.5
      vertex 37.8564 -5.85641 3.5
      vertex 33.8323 -6.88646 2.38
    endloop
  endfacet
  facet normal -0.353565 0.612366 0.707106
    outer loop
      vertex 25.2811 -9.07532 0
      vertex 27.4641 -11.8564 3.5
      vertex 25.7841 -8.94656 0.14
    endloop
  endfacet
  facet normal -0.353554 0.612374 0.707105
    outer loop
      vertex 27.4641 -11.8564 3.5
      vertex 25.2811 -9.07532 0
      vertex 24 -13.8564 3.5
    endloop
  endfacet
  facet normal 0.5 -0.866025 0
    outer loop
      vertex 24 -13.8564 3.5
      vertex 27.4641 -11.8564 3.40001
      vertex 27.4641 -11.8564 3.5
    endloop
  endfacet
  facet normal 0.499999 -0.866026 -7.34322e-06
    outer loop
      vertex 27.4641 -11.8564 3.40001
      vertex 30.3133 -10.2114 1.4
      vertex 34.3923 -7.85641 3.40001
    endloop
  endfacet
  facet normal 0.5 -0.866025 0
    outer loop
      vertex 24 -13.8564 0
      vertex 27.4641 -11.8564 3.40001
      vertex 24 -13.8564 3.5
    endloop
  endfacet
  facet normal 0.500001 -0.866025 -1.79537e-06
    outer loop
      vertex 30.3133 -10.2114 0
      vertex 27.4641 -11.8564 3.40001
      vertex 24 -13.8564 0
    endloop
  endfacet
  facet normal 0.500003 -0.866024 0
    outer loop
      vertex 27.4641 -11.8564 3.40001
      vertex 30.3133 -10.2114 0
      vertex 30.3133 -10.2114 1.4
    endloop
  endfacet
  facet normal 0.5 -0.866025 0
    outer loop
      vertex 34.3923 -7.85641 3.40001
      vertex 37.8564 -5.85641 3.5
      vertex 34.3923 -7.85641 3.5
    endloop
  endfacet
  facet normal 0.499981 -0.866036 4.13693e-05
    outer loop
      vertex 31.5431 -9.50141 1.4
      vertex 34.3923 -7.85641 3.40001
      vertex 30.3133 -10.2114 1.4
    endloop
  endfacet
  facet normal 0.500003 -0.866024 0
    outer loop
      vertex 31.5431 -9.50141 0
      vertex 34.3923 -7.85641 3.40001
      vertex 31.5431 -9.50141 1.4
    endloop
  endfacet
  facet normal 0.500001 -0.866025 1.79537e-06
    outer loop
      vertex 34.3923 -7.85641 3.40001
      vertex 31.5431 -9.50141 0
      vertex 37.8564 -5.85641 0
    endloop
  endfacet
  facet normal 0.5 -0.866025 0
    outer loop
      vertex 34.3923 -7.85641 3.40001
      vertex 37.8564 -5.85641 0
      vertex 37.8564 -5.85641 3.5
    endloop
  endfacet
  facet normal 0.612257 0.353481 0.707243
    outer loop
      vertex 25.2811 -9.07532 0
      vertex 25.0311 -8.6423 0
      vertex 24.9098 -8.71231 0.14
    endloop
  endfacet
  facet normal 0.612372 0.353557 0.707106
    outer loop
      vertex 16 0 3.5
      vertex 21.0311 -1.7141 0
      vertex 18.0207 3.5 0
    endloop
  endfacet
  facet normal 0.612372 0.35354 0.707114
    outer loop
      vertex 21.0311 -1.7141 0
      vertex 16 0 3.5
      vertex 18.9699 -2.9041 2.38
    endloop
  endfacet
  facet normal 0.61234 0.353619 0.707102
    outer loop
      vertex 22 -10.3923 3.5
      vertex 25.2811 -9.07532 0
      vertex 24.9098 -8.71231 0.14
    endloop
  endfacet
  facet normal 0.612372 0.353553 0.707107
    outer loop
      vertex 25.2811 -9.07532 0
      vertex 22 -10.3923 3.5
      vertex 24 -13.8564 3.5
    endloop
  endfacet
  facet normal 0.612384 0.35356 0.707094
    outer loop
      vertex 18 -3.4641 3.5
      vertex 18.9699 -2.9041 2.38
      vertex 16 0 3.5
    endloop
  endfacet
  facet normal -0.866025 -0.5 0
    outer loop
      vertex 20.355 -7.54308 0
      vertex 22 -10.3923 3.40001
      vertex 20.355 -7.54308 1.4
    endloop
  endfacet
  facet normal -0.866025 -0.5 1.81554e-07
    outer loop
      vertex 24 -13.8564 0
      vertex 22 -10.3923 3.40001
      vertex 20.355 -7.54308 0
    endloop
  endfacet
  facet normal -0.866025 -0.5 -0
    outer loop
      vertex 24 -13.8564 3.5
      vertex 22 -10.3923 3.40001
      vertex 24 -13.8564 0
    endloop
  endfacet
  facet normal -0.866025 -0.5 0
    outer loop
      vertex 22 -10.3923 3.40001
      vertex 24 -13.8564 3.5
      vertex 22 -10.3923 3.5
    endloop
  endfacet
  facet normal -0.866025 -0.5 0
    outer loop
      vertex 16 0 0
      vertex 18 -3.4641 3.40001
      vertex 16 0 3.5
    endloop
  endfacet
  facet normal -0.866026 -0.5 6.25351e-07
    outer loop
      vertex 19.645 -6.31333 0
      vertex 18 -3.4641 3.40001
      vertex 16 0 0
    endloop
  endfacet
  facet normal -0.866026 -0.499999 -0
    outer loop
      vertex 19.645 -6.31333 1.4
      vertex 18 -3.4641 3.40001
      vertex 19.645 -6.31333 0
    endloop
  endfacet
  facet normal -0.866024 -0.500002 5.12323e-06
    outer loop
      vertex 20.355 -7.54308 1.4
      vertex 18 -3.4641 3.40001
      vertex 19.645 -6.31333 1.4
    endloop
  endfacet
  facet normal -0.866025 -0.5 5.62497e-07
    outer loop
      vertex 18 -3.4641 3.40001
      vertex 20.355 -7.54308 1.4
      vertex 22 -10.3923 3.40001
    endloop
  endfacet
  facet normal -0.866025 -0.5 0
    outer loop
      vertex 16 0 3.5
      vertex 18 -3.4641 3.40001
      vertex 18 -3.4641 3.5
    endloop
  endfacet
  facet normal -0 0.707107 0.707107
    outer loop
      vertex 12 3.5 0
      vertex 16 0 3.5
      vertex 18.0207 3.5 0
    endloop
  endfacet
  facet normal 0 0.707107 0.707107
    outer loop
      vertex 16 0 3.5
      vertex 12 3.5 0
      vertex 12 0 3.5
    endloop
  endfacet
  facet normal -0 0.707107 0.707107
    outer loop
      vertex 3.5 3.5 0
      vertex 4 0 3.5
      vertex 4 3.5 0
    endloop
  endfacet
  facet normal 0 0.707107 0.707107
    outer loop
      vertex 4 0 3.5
      vertex 3.5 3.5 0
      vertex 0 0 3.5
    endloop
  endfacet
  facet normal 0 -1 0
    outer loop
      vertex 0 0 3.5
      vertex 4 0 3.40001
      vertex 4 0 3.5
    endloop
  endfacet
  facet normal 0 -1 0
    outer loop
      vertex 4 0 3.40001
      vertex 7.29 0 1.4
      vertex 12 0 3.40001
    endloop
  endfacet
  facet normal 0 -1 0
    outer loop
      vertex 0 0 0
      vertex 4 0 3.40001
      vertex 0 0 3.5
    endloop
  endfacet
  facet normal 0 -1 0
    outer loop
      vertex 7.29 0 0
      vertex 4 0 3.40001
      vertex 0 0 0
    endloop
  endfacet
  facet normal 0 -1 0
    outer loop
      vertex 4 0 3.40001
      vertex 7.29 0 0
      vertex 7.29 0 1.4
    endloop
  endfacet
  facet normal 0 -1 0
    outer loop
      vertex 12 0 3.40001
      vertex 16 0 3.5
      vertex 12 0 3.5
    endloop
  endfacet
  facet normal 0 -1 0
    outer loop
      vertex 8.71 0 1.4
      vertex 12 0 3.40001
      vertex 7.29 0 1.4
    endloop
  endfacet
  facet normal 0 -1 0
    outer loop
      vertex 8.71 0 0
      vertex 12 0 3.40001
      vertex 8.71 0 1.4
    endloop
  endfacet
  facet normal 0 -1 -0
    outer loop
      vertex 12 0 3.40001
      vertex 8.71 0 0
      vertex 16 0 0
    endloop
  endfacet
  facet normal 0 -1 0
    outer loop
      vertex 12 0 3.40001
      vertex 16 0 0
      vertex 16 0 3.5
    endloop
  endfacet
  facet normal 0.707107 0 0.707107
    outer loop
      vertex 3.5 12 0
      vertex 0 16 3.5
      vertex 1.12 12 2.38
    endloop
  endfacet
  facet normal 0.707107 0 0.707107
    outer loop
      vertex 0 16 3.5
      vertex 3.5 12 0
      vertex 3.5 18.0207 0
    endloop
  endfacet
  facet normal 0.707107 -0 0.707107
    outer loop
      vertex 3.5 3.5 0
      vertex 3.5 4 0
      vertex 3.36 4 0.14
    endloop
  endfacet
  facet normal 0.707107 0 0.707107
    outer loop
      vertex 1.12 12 2.38
      vertex 0 16 3.5
      vertex 0 12 3.5
    endloop
  endfacet
  facet normal 0.707107 0 0.707107
    outer loop
      vertex 0 4 3.5
      vertex 3.5 3.5 0
      vertex 3.36 4 0.14
    endloop
  endfacet
  facet normal 0.707107 0 0.707107
    outer loop
      vertex 3.5 3.5 0
      vertex 0 4 3.5
      vertex 0 0 3.5
    endloop
  endfacet
  facet normal -1 0 0
    outer loop
      vertex 0 7.29 0
      vertex 0 4 3.40001
      vertex 0 7.29 1.4
    endloop
  endfacet
  facet normal -1 0 0
    outer loop
      vertex 0 0 0
      vertex 0 4 3.40001
      vertex 0 7.29 0
    endloop
  endfacet
  facet normal -1 0 0
    outer loop
      vertex 0 0 3.5
      vertex 0 4 3.40001
      vertex 0 0 0
    endloop
  endfacet
  facet normal -1 0 0
    outer loop
      vertex 0 4 3.40001
      vertex 0 0 3.5
      vertex 0 4 3.5
    endloop
  endfacet
  facet normal -1 0 0
    outer loop
      vertex 0 16 0
      vertex 0 12 3.40001
      vertex 0 16 3.5
    endloop
  endfacet
  facet normal -1 0 0
    outer loop
      vertex 0 8.71 0
      vertex 0 12 3.40001
      vertex 0 16 0
    endloop
  endfacet
  facet normal -1 0 0
    outer loop
      vertex 0 8.71 1.4
      vertex 0 12 3.40001
      vertex 0 8.71 0
    endloop
  endfacet
  facet normal -1 0 0
    outer loop
      vertex 0 7.29 1.4
      vertex 0 12 3.40001
      vertex 0 8.71 1.4
    endloop
  endfacet
  facet normal -1 -0 0
    outer loop
      vertex 0 12 3.40001
      vertex 0 7.29 1.4
      vertex 0 4 3.40001
    endloop
  endfacet
  facet normal -1 -0 0
    outer loop
      vertex 0 16 3.5
      vertex 0 12 3.40001
      vertex 0 12 3.5
    endloop
  endfacet
endsolid OpenSCAD_Model
